Type of Travel,Class,Flight Distance,Arrival Delay in Minutes,On-board service
Business travel,Business,3844,0.0,3
Business travel,Eco,251,7.0,2
Business travel,Business,2038,0.0,1
Business travel,Business,3179,3.0,4
Personal Travel,Eco,1411,0.0,1
Business travel,Business,2556,0.0,1
Business travel,Eco,1277,0.0,3
Personal Travel,Eco Plus,874,16.0,2
Business travel,Business,515,26.0,5
Business travel,Eco,607,0.0,4
Business travel,Business,3930,72.0,1
Business travel,Business,1646,185.0,4
Personal Travel,Eco,929,0.0,4
Business travel,Eco Plus,618,5.0,4
Business travel,Business,1448,8.0,4
Business travel,Business,609,3.0,3
Business travel,Business,802,8.0,4
Personal Travel,Eco,507,0.0,4
Personal Travel,Eco,277,53.0,2
Business travel,Business,1440,0.0,4
Business travel,Business,2177,20.0,5
Business travel,Eco Plus,760,47.0,2
Business travel,Eco,646,9.0,4
Business travel,Eco,448,0.0,1
Business travel,Business,1576,0.0,2
Business travel,Eco,836,167.0,4
Business travel,Business,3830,4.0,3
Business travel,Eco,1491,13.0,5
Business travel,Business,588,114.0,3
Business travel,Eco,1009,8.0,2
Business travel,Eco Plus,680,0.0,4
Personal Travel,Eco,175,24.0,3
Business travel,Business,542,0.0,2
Business travel,Business,3482,18.0,3
Personal Travel,Eco Plus,993,71.0,2
Business travel,Eco,1045,0.0,2
Personal Travel,Eco,547,1.0,2
Personal Travel,Eco,580,0.0,2
Personal Travel,Eco,427,22.0,1
Business travel,Business,1803,143.0,2
Personal Travel,Eco,1097,62.0,4
Business travel,Business,1692,38.0,3
Business travel,Business,2654,13.0,4
Personal Travel,Eco Plus,552,26.0,4
Business travel,Business,1618,21.0,2
Personal Travel,Business,632,0.0,1
Personal Travel,Business,2475,0.0,3
Business travel,Business,2296,22.0,5
Personal Travel,Eco,611,0.0,1
Business travel,Business,1576,0.0,5
Business travel,Business,1524,0.0,4
Business travel,Business,577,0.0,5
Business travel,Business,409,21.0,3
Business travel,Business,2850,18.0,4
Business travel,Business,708,14.0,2
Personal Travel,Eco Plus,751,51.0,5
Business travel,Business,2586,18.0,1
Personal Travel,Eco,309,0.0,2
Business travel,Business,759,20.0,5
Business travel,Eco,774,0.0,4
Business travel,Business,3899,29.0,2
Business travel,Business,2754,33.0,3
Business travel,Eco,406,80.0,3
Personal Travel,Eco,307,9.0,2
Personal Travel,Eco,228,0.0,4
Business travel,Eco,1542,30.0,4
Business travel,Business,408,0.0,4
Business travel,Business,1721,51.0,5
Business travel,Business,2118,30.0,4
Business travel,Business,216,0.0,4
Business travel,Eco,2304,0.0,3
Personal Travel,Business,468,12.0,4
Business travel,Eco,308,13.0,2
Business travel,Business,1536,0.0,3
Business travel,Business,453,0.0,3
Business travel,Business,1622,0.0,5
Personal Travel,Eco,547,0.0,2
Personal Travel,Business,749,9.0,4
Business travel,Business,2783,14.0,4
Business travel,Business,2992,45.0,2
Business travel,Business,1020,0.0,4
Business travel,Business,222,0.0,4
Business travel,Business,2427,36.0,4
Business travel,Business,3518,0.0,5
Business travel,Business,2565,93.0,5
Business travel,Eco,1041,14.0,2
Personal Travel,Eco,304,0.0,3
Business travel,Eco,192,6.0,3
Personal Travel,Eco,1471,0.0,4
Business travel,Business,2774,0.0,2
Business travel,Business,1607,28.0,3
Personal Travel,Eco,867,2.0,3
Business travel,Eco,373,0.0,4
Personal Travel,Eco,370,10.0,1
Personal Travel,Eco Plus,134,0.0,3
Personal Travel,Eco,231,0.0,3
Personal Travel,Eco,333,13.0,3
Personal Travel,Eco,1726,0.0,3
Business travel,Business,164,0.0,5
Personal Travel,Eco Plus,651,0.0,2
Business travel,Business,3776,0.0,4
Business travel,Business,1958,0.0,5
Business travel,Eco,1931,10.0,4
Business travel,Business,951,0.0,4
Business travel,Business,1092,16.0,1
Personal Travel,Eco,444,0.0,4
Personal Travel,Eco,590,16.0,5
Personal Travel,Eco,550,0.0,5
Business travel,Eco,802,25.0,4
Personal Travel,Eco,1546,10.0,3
Personal Travel,Eco,184,0.0,3
Business travel,Eco,937,30.0,3
Personal Travel,Eco,528,1.0,4
Business travel,Eco,304,0.0,4
Business travel,Business,1849,0.0,4
Business travel,Eco,978,0.0,3
Business travel,Business,109,0.0,5
Business travel,Business,368,2.0,4
Business travel,Business,678,12.0,5
Personal Travel,Eco,488,90.0,3
Personal Travel,Eco Plus,264,158.0,1
Business travel,Business,888,0.0,4
Business travel,Eco,259,0.0,4
Personal Travel,Eco,563,0.0,5
Business travel,Business,599,0.0,3
Business travel,Business,1805,7.0,1
Personal Travel,Eco,302,60.0,1
Business travel,Business,462,4.0,4
Business travel,Eco,641,0.0,1
Personal Travel,Eco,2342,0.0,5
Business travel,Eco,391,0.0,2
Business travel,Business,3919,11.0,2
Business travel,Business,2585,0.0,4
Business travel,Eco,782,0.0,4
Business travel,Eco Plus,196,0.0,1
Business travel,Business,3023,324.0,3
Business travel,Business,2421,0.0,3
Business travel,Eco,112,40.0,3
Business travel,Eco,416,0.0,4
Business travel,Business,321,1.0,5
Personal Travel,Eco,374,13.0,5
Business travel,Business,108,20.0,4
Personal Travel,Business,1299,14.0,3
Business travel,Eco Plus,590,0.0,2
Personal Travel,Eco,1709,0.0,4
Business travel,Business,3969,0.0,4
Personal Travel,Business,516,0.0,4
Business travel,Business,762,0.0,4
Business travel,Business,762,9.0,4
Business travel,Business,1598,13.0,5
Business travel,Eco,239,0.0,3
Business travel,Eco Plus,412,0.0,4
Personal Travel,Eco,562,22.0,4
Personal Travel,Eco,444,0.0,4
Personal Travel,Eco Plus,2342,0.0,2
Business travel,Business,1107,2.0,5
Personal Travel,Eco,1979,0.0,5
Personal Travel,Eco Plus,1345,0.0,4
Business travel,Business,1448,0.0,3
Business travel,Eco Plus,562,0.0,5
Business travel,Business,964,0.0,2
Business travel,Business,2904,6.0,5
Business travel,Eco,184,0.0,3
Business travel,Eco,2419,0.0,2
Business travel,Business,2586,20.0,3
Business travel,Business,236,0.0,4
Personal Travel,Eco Plus,602,147.0,5
Business travel,Business,391,10.0,3
Business travel,Business,268,8.0,4
Business travel,Business,1979,0.0,4
Personal Travel,Eco,972,0.0,5
Business travel,Business,341,10.0,2
Business travel,Eco Plus,642,0.0,4
Business travel,Business,2565,0.0,3
Personal Travel,Eco,386,55.0,4
Business travel,Business,1723,88.0,4
Business travel,Business,2136,0.0,3
Business travel,Business,2076,5.0,4
Business travel,Eco,109,14.0,4
Business travel,Eco,343,10.0,4
Business travel,Business,469,0.0,2
Business travel,Eco,421,0.0,4
Business travel,Business,284,35.0,3
Business travel,Business,1808,0.0,4
Business travel,Eco,674,13.0,5
Business travel,Business,758,0.0,4
Business travel,Business,102,0.0,4
Personal Travel,Eco,337,0.0,4
Business travel,Business,852,0.0,5
Personal Travel,Eco,731,0.0,1
Business travel,Eco Plus,708,264.0,3
Personal Travel,Eco Plus,432,62.0,4
Business travel,Business,3343,0.0,5
Business travel,Business,587,0.0,3
Business travel,Eco,781,82.0,1
Business travel,Eco,1135,0.0,2
Business travel,Business,1773,6.0,5
Business travel,Business,2011,0.0,4
Personal Travel,Eco Plus,569,0.0,3
Personal Travel,Business,600,0.0,5
Business travel,Business,432,3.0,4
Business travel,Business,2773,0.0,3
Business travel,Eco,262,0.0,3
Business travel,Business,3637,0.0,3
Personal Travel,Eco,402,90.0,5
Personal Travel,Eco,406,0.0,4
Personal Travel,Business,1242,23.0,4
Business travel,Business,2156,18.0,5
Business travel,Business,1310,0.0,4
Business travel,Business,2690,2.0,5
Business travel,Eco,867,51.0,1
Personal Travel,Eco,846,4.0,5
Personal Travel,Eco,395,32.0,5
Personal Travel,Eco,1521,0.0,4
Business travel,Business,528,2.0,3
Business travel,Eco,201,0.0,4
Business travel,Business,447,0.0,4
Personal Travel,Eco,590,0.0,5
Business travel,Business,2926,0.0,3
Personal Travel,Eco,528,0.0,3
Business travel,Business,2260,0.0,3
Business travel,Business,1567,0.0,4
Business travel,Business,166,0.0,4
Business travel,Business,733,35.0,3
Personal Travel,Eco Plus,416,22.0,4
Personal Travel,Eco,190,49.0,3
Business travel,Business,2885,0.0,3
Personal Travel,Business,102,0.0,1
Business travel,Business,762,0.0,5
Business travel,Business,377,46.0,5
Business travel,Business,1909,0.0,4
Personal Travel,Eco,587,64.0,4
Business travel,Business,737,10.0,4
Business travel,Business,1249,0.0,3
Personal Travel,Eco,163,0.0,1
Business travel,Business,235,228.0,5
Business travel,Eco,581,8.0,4
Business travel,Eco,812,88.0,4
Business travel,Business,2380,0.0,4
Personal Travel,Eco,591,0.0,5
Business travel,Eco,600,0.0,1
Business travel,Business,2734,0.0,2
Business travel,Business,2013,0.0,2
Business travel,Business,2946,0.0,5
Business travel,Eco,515,14.0,4
Business travel,Business,695,14.0,4
Business travel,Business,361,0.0,5
Business travel,Business,1422,54.0,3
Personal Travel,Eco,500,0.0,3
Business travel,Business,2259,0.0,5
Business travel,Eco,1797,104.0,3
Business travel,Eco,852,42.0,4
Personal Travel,Eco Plus,1773,19.0,4
Personal Travel,Eco,251,0.0,4
Personal Travel,Eco,214,0.0,3
Personal Travel,Eco,838,40.0,4
Business travel,Business,2246,0.0,5
Business travel,Business,594,0.0,4
Business travel,Business,3600,0.0,4
Business travel,Business,1744,0.0,4
Business travel,Eco Plus,645,0.0,5
Personal Travel,Business,1491,21.0,4
Business travel,Business,1618,4.0,5
Business travel,Business,1411,0.0,5
Personal Travel,Eco,1979,14.0,3
Business travel,Business,2916,10.0,4
Business travel,Business,547,0.0,4
Business travel,Business,577,1.0,5
Business travel,Business,3280,0.0,3
Personal Travel,Eco,802,4.0,2
Business travel,Business,2589,3.0,5
Business travel,Business,1916,9.0,3
Business travel,Eco,1037,18.0,5
Business travel,Business,2313,0.0,4
Business travel,Business,462,0.0,4
Personal Travel,Eco,240,0.0,3
Business travel,Eco,2475,0.0,5
Personal Travel,Eco,1197,0.0,3
Business travel,Business,3879,0.0,5
Personal Travel,Eco,368,0.0,5
Business travel,Business,3777,0.0,3
Personal Travel,Eco,1235,0.0,2
Business travel,Eco,563,0.0,3
Personal Travel,Eco,731,0.0,1
Business travel,Business,1784,0.0,5
Personal Travel,Eco Plus,301,0.0,4
Business travel,Eco,1009,0.0,3
Business travel,Business,2437,0.0,4
Personal Travel,Eco,921,0.0,4
Business travel,Business,293,0.0,5
Business travel,Business,3885,36.0,4
Business travel,Business,1262,0.0,1
Business travel,Business,2513,0.0,1
Personal Travel,Eco Plus,1183,0.0,5
Business travel,Business,1521,0.0,5
Business travel,Eco,2079,53.0,3
Business travel,Eco Plus,134,0.0,5
Business travel,Business,2793,56.0,5
Business travel,Business,1123,35.0,2
Business travel,Business,650,38.0,3
