Race,Age,Weight,Time_in_hospital,Glipizide
Caucasian,77,[75-100),4,No
Caucasian,55,[75-100),3,No
Caucasian,57,[50-75),4,No
Caucasian,53,[100-125),3,No
AfricanAmerican,63,[100-125),6,No
Caucasian,52,[50-75),6,No
Caucasian,83,[75-100),3,No
Caucasian,41,[75-100),1,No
Caucasian,77,[50-75),3,Steady
Caucasian,57,[50-75),2,No
Caucasian,98,[75-100),3,No
Caucasian,53,[50-75),3,No
Caucasian,63,[100-125),4,No
Caucasian,54,[100-125),7,No
Caucasian,52,[100-125),1,No
Caucasian,43,[75-100),5,No
AfricanAmerican,51,[50-75),4,No
Other,56,[125-150),5,No
Caucasian,48,[75-100),3,No
Caucasian,73,[50-75),1,No
Caucasian,65,[125-150),6,Up
Caucasian,62,[75-100),1,No
Caucasian,47,[100-125),3,No
Caucasian,64,[100-125),3,Steady
Caucasian,85,[50-75),4,Steady
Caucasian,78,[75-100),7,No
Caucasian,77,[50-75),3,No
Caucasian,71,[50-75),1,No
Caucasian,55,[75-100),2,Steady
Caucasian,63,[75-100),4,No
Caucasian,70,[75-100),1,No
Caucasian,80,[75-100),13,No
Caucasian,71,[75-100),6,No
Caucasian,83,[50-75),7,No
Caucasian,66,[100-125),10,No
Caucasian,33,[100-125),2,No
Caucasian,70,[100-125),1,No
Caucasian,83,[100-125),5,Steady
Caucasian,66,[100-125),11,No
AfricanAmerican,62,[50-75),2,Steady
Caucasian,80,[75-100),2,No
Caucasian,56,[175-200),4,No
Caucasian,58,[75-100),1,No
Caucasian,78,[75-100),13,No
Caucasian,52,[100-125),8,No
Caucasian,76,[100-125),3,No
Caucasian,54,[150-175),6,No
Caucasian,38,[50-75),2,No
Caucasian,68,[100-125),6,No
AfricanAmerican,33,[125-150),2,Steady
Caucasian,68,[25-50),6,Down
Caucasian,48,[75-100),2,No
Caucasian,63,[100-125),4,No
Caucasian,67,[50-75),4,Steady
Caucasian,80,[50-75),7,Up
Caucasian,77,[50-75),1,No
Caucasian,93,[50-75),4,No
Caucasian,48,[75-100),11,No
Caucasian,64,[100-125),1,No
Caucasian,71,[75-100),1,Steady
Caucasian,83,[50-75),4,No
Caucasian,78,[100-125),2,No
Caucasian,73,[100-125),2,No
Caucasian,53,[100-125),3,No
Caucasian,76,[75-100),1,No
Caucasian,76,[75-100),4,No
Caucasian,50,[50-75),12,No
Caucasian,57,[50-75),13,No
Caucasian,40,[75-100),2,No
Caucasian,74,[75-100),9,No
Caucasian,55,[75-100),4,No
Caucasian,58,[75-100),6,No
Caucasian,51,[100-125),3,Steady
Caucasian,73,[50-75),6,No
Caucasian,84,[100-125),2,No
Caucasian,64,[75-100),6,No
Caucasian,57,[50-75),1,No
Caucasian,76,[75-100),3,No
Caucasian,83,[50-75),6,No
Caucasian,74,[50-75),14,Up
Caucasian,74,[50-75),3,No
Caucasian,95,[50-75),2,No
Caucasian,53,[50-75),1,No
Caucasian,65,[100-125),6,No
Caucasian,66,[50-75),5,No
Caucasian,83,[50-75),9,No
Caucasian,54,[100-125),7,No
Caucasian,92,[50-75),11,Steady
Caucasian,72,[75-100),2,No
Caucasian,86,[75-100),4,No
Other,75,[75-100),4,No
Caucasian,63,[50-75),2,No
Caucasian,63,[75-100),3,No
Caucasian,75,[50-75),4,Up
Caucasian,72,[100-125),11,No
Caucasian,66,[75-100),8,No
Caucasian,75,[75-100),5,Steady
Asian,63,[50-75),1,No
Caucasian,70,[50-75),8,No
Caucasian,47,[125-150),1,No
Caucasian,75,[75-100),6,No
Caucasian,64,[75-100),1,No
Caucasian,21,[50-75),4,No
Caucasian,73,[75-100),6,No
Caucasian,72,[75-100),2,No
Caucasian,60,[100-125),3,Steady
Caucasian,78,[100-125),10,No
Caucasian,72,[75-100),2,No
Caucasian,64,[100-125),6,No
Caucasian,65,[75-100),3,No
Caucasian,61,[75-100),4,Steady
Caucasian,71,[50-75),9,Steady
Caucasian,67,[75-100),4,No
Caucasian,57,[125-150),7,Steady
Caucasian,70,[50-75),5,No
Caucasian,53,[75-100),7,No
Caucasian,52,[100-125),4,No
Other,43,[75-100),4,No
Caucasian,63,[100-125),5,Steady
Caucasian,84,[50-75),5,No
Caucasian,72,[125-150),3,No
Caucasian,78,[75-100),6,No
Caucasian,78,[75-100),9,Down
Caucasian,78,[75-100),2,Steady
Caucasian,72,[75-100),1,No
Caucasian,41,[75-100),8,No
Caucasian,34,[75-100),5,No
Caucasian,76,[75-100),4,No
Caucasian,62,[50-75),5,No
Caucasian,46,[75-100),1,Up
Caucasian,87,[125-150),13,No
Caucasian,54,[125-150),2,No
Caucasian,77,[75-100),2,No
Caucasian,55,[75-100),9,No
Caucasian,62,[75-100),2,No
Caucasian,67,[50-75),2,No
Caucasian,75,[50-75),3,No
Caucasian,71,[75-100),5,No
Caucasian,33,[50-75),6,No
Caucasian,50,[50-75),5,Steady
Caucasian,63,[125-150),3,No
Caucasian,37,[50-75),4,No
Caucasian,71,[75-100),8,No
Caucasian,62,[75-100),4,No
Caucasian,40,[75-100),3,No
Caucasian,42,[100-125),1,No
Caucasian,75,[75-100),9,No
Caucasian,44,[75-100),4,No
Caucasian,77,[75-100),5,No
Caucasian,82,[75-100),11,No
Caucasian,67,[75-100),3,No
Caucasian,66,[75-100),7,No
Caucasian,73,[50-75),7,No
Caucasian,53,[75-100),1,No
Caucasian,50,[100-125),2,No
Caucasian,31,[75-100),4,No
Caucasian,52,[125-150),7,No
Caucasian,74,[25-50),2,No
Caucasian,61,[50-75),8,Up
Caucasian,58,[75-100),1,No
Caucasian,36,[75-100),5,No
Caucasian,62,[100-125),2,No
Caucasian,41,[100-125),3,No
Caucasian,82,[50-75),3,No
Caucasian,33,[100-125),4,No
Caucasian,71,[75-100),2,Steady
Caucasian,78,[75-100),2,No
Caucasian,74,[75-100),5,No
Caucasian,88,[75-100),5,No
Caucasian,85,[50-75),5,No
Caucasian,77,[50-75),4,No
Caucasian,62,[50-75),1,No
Caucasian,75,[75-100),4,No
Caucasian,84,[25-50),5,No
Caucasian,88,[50-75),2,No
Caucasian,67,[100-125),2,No
Caucasian,81,[75-100),2,Steady
Caucasian,73,[100-125),1,No
Caucasian,52,[75-100),3,No
Caucasian,83,[50-75),3,Steady
Caucasian,54,[50-75),3,Steady
Caucasian,53,[50-75),6,No
Caucasian,63,[50-75),2,No
Caucasian,54,[100-125),2,No
Caucasian,84,[75-100),8,No
Caucasian,85,[75-100),4,No
Caucasian,52,[100-125),3,No
Caucasian,74,[50-75),4,Steady
Caucasian,55,[100-125),2,No
Caucasian,74,[75-100),5,No
Caucasian,85,[75-100),6,No
AfricanAmerican,51,[25-50),2,No
Caucasian,67,[100-125),4,No
Caucasian,85,[125-150),7,No
Caucasian,88,[75-100),8,No
Caucasian,78,[75-100),5,No
Caucasian,66,[75-100),7,No
Caucasian,76,[75-100),8,Steady
Caucasian,71,[75-100),3,No
Caucasian,52,[75-100),7,No
Caucasian,83,[75-100),4,No
Caucasian,62,[50-75),12,Steady
Caucasian,66,[75-100),1,Steady
Caucasian,74,[100-125),3,No
Caucasian,62,[100-125),3,Up
Caucasian,65,[75-100),5,No
Caucasian,86,[75-100),6,No
Caucasian,84,[75-100),1,Steady
Caucasian,62,[50-75),6,No
Caucasian,83,[50-75),14,No
Caucasian,78,[100-125),3,No
Caucasian,88,[50-75),3,No
Caucasian,83,[50-75),3,No
Caucasian,63,[100-125),3,No
Caucasian,30,[75-100),3,No
Caucasian,64,[50-75),7,No
Caucasian,76,[100-125),1,No
Caucasian,50,[150-175),5,No
Caucasian,40,[125-150),13,No
Caucasian,35,[125-150),6,No
Caucasian,73,[75-100),13,No
Caucasian,73,[25-50),3,No
Caucasian,82,[50-75),6,No
Caucasian,60,[75-100),4,No
Caucasian,63,[50-75),7,No
Caucasian,77,[75-100),3,Steady
Caucasian,52,[75-100),2,Steady
AfricanAmerican,51,[100-125),3,No
Caucasian,67,[100-125),9,No
Caucasian,84,[50-75),7,No
Caucasian,62,[100-125),4,No
Caucasian,80,[75-100),7,No
Caucasian,76,[75-100),2,Steady
Caucasian,73,[75-100),3,No
Caucasian,81,[25-50),12,No
Caucasian,33,[50-75),3,No
Caucasian,43,[75-100),2,No
Caucasian,61,[100-125),6,No
Caucasian,75,[100-125),2,Steady
Caucasian,51,[100-125),3,No
Caucasian,54,[50-75),3,No
Caucasian,62,[100-125),2,Steady
Caucasian,67,[75-100),6,Steady
Caucasian,57,[100-125),4,No
Caucasian,42,[50-75),2,No
Caucasian,88,[50-75),1,Down
Caucasian,74,[100-125),6,No
Caucasian,60,[150-175),10,No
Caucasian,71,[75-100),1,No
Caucasian,51,[100-125),3,No
Caucasian,72,[50-75),1,No
Caucasian,76,[50-75),4,Steady
Caucasian,75,[50-75),8,No
Caucasian,56,[25-50),2,No
Caucasian,82,[75-100),4,No
Caucasian,48,[75-100),4,No
Caucasian,38,[125-150),5,No
Caucasian,67,[75-100),5,No
Caucasian,26,[50-75),2,No
Caucasian,67,[75-100),2,No
Caucasian,55,[75-100),2,No
Caucasian,68,[100-125),4,No
Caucasian,52,[75-100),4,No
Caucasian,66,[100-125),1,No
Caucasian,75,[50-75),2,No
Caucasian,40,[150-175),7,No
Caucasian,84,[50-75),7,No
Caucasian,78,[75-100),2,Steady
Caucasian,87,[50-75),8,No
Caucasian,75,[50-75),2,No
Caucasian,92,[50-75),2,No
Caucasian,58,[50-75),2,No
Caucasian,64,[75-100),5,No
Caucasian,74,[50-75),5,No
Caucasian,62,[75-100),3,No
Caucasian,41,[50-75),1,No
Caucasian,65,[50-75),5,No
Caucasian,73,[100-125),7,No
Caucasian,72,[50-75),3,No
Caucasian,55,[100-125),3,No
Caucasian,78,[125-150),3,No
Caucasian,66,[100-125),8,No
Caucasian,54,[75-100),1,No
Caucasian,63,[75-100),4,No
Caucasian,60,[75-100),3,No
Caucasian,80,[75-100),9,No
Caucasian,50,[50-75),3,No
Caucasian,88,[50-75),2,No
Caucasian,66,[75-100),1,No
Caucasian,78,[50-75),1,No
Caucasian,83,[100-125),2,No
Caucasian,62,[50-75),3,No
AfricanAmerican,73,[75-100),1,No
Caucasian,56,[100-125),1,No
Caucasian,85,[75-100),5,No
Caucasian,76,[50-75),5,No
Caucasian,52,[75-100),4,No
Caucasian,63,[100-125),5,No
Caucasian,80,[50-75),7,No
Caucasian,73,[75-100),1,No
