Age,Gender,Country,Result_sec,Rank_Gender
31,F,United States,9612,25
28,M,United States,9216,150
38,M,United States,9707,423
37,F,United States,10716,146
32,M,United States,9705,420
44,F,China,11230,341
24,M,United States,9359,217
25,F,United States,10791,170
34,M,United States,8678,41
38,M,United States,9353,215
27,M,Canada,9554,309
30,F,United States,10941,211
26,F,United States,11463,486
26,M,United States,8571,32
33,F,United States,10918,202
38,F,Canada,10576,120
39,F,United States,11096,275
24,F,Canada,10995,234
29,F,United States,10857,190
46,F,Netherlands,9785,39
24,M,United States,9119,121
47,M,New Zealand,9304,189
21,F,United States,11293,384
31,F,France,11396,450
29,M,United States,8810,54
27,M,United States,9663,401
24,F,United States,11407,456
26,M,United States,9001,98
32,M,United States,9158,133
34,F,United States,11457,483
29,F,United Kingdom,10771,164
27,F,United States,8720,3
40,F,Colombia,10718,147
32,M,Brazil,9472,261
30,F,United States,11433,467
31,M,United States,9178,135
36,M,United States,9815,500
25,M,United States,9748,453
31,M,United States,9148,132
30,F,United States,11443,476
29,F,United States,10243,71
28,M,Ethiopia,8528,31
32,M,Australia,8847,63
29,M,Canada,9645,387
23,F,United States,11195,328
29,F,United States,10106,62
42,F,United States,11172,317
26,M,United States,9807,495
35,F,United Kingdom,11104,280
24,F,United States,10978,225
28,M,United States,9557,311
39,F,Canada,10612,125
44,M,United States,9694,416
44,M,Estonia,9618,364
39,F,United States,10212,70
43,M,United States,9557,312
30,F,United States,10750,157
31,M,Trinidad and Tobago,9470,260
50,F,United Kingdom,11421,460
27,F,Mexico,11474,494
36,F,United States,11351,422
25,M,United States,9631,376
34,M,United States,8586,33
27,M,United States,9395,233
30,F,United States,9490,21
47,M,Turkey,9093,111
48,M,Japan,9631,377
29,F,United States,10047,59
31,F,United States,10984,230
21,M,United States,9581,333
33,F,United States,11328,407
26,F,United States,11446,480
43,M,United States,9267,172
28,M,United States,9728,437
36,M,United States,8930,80
25,F,United States,10938,210
29,M,United States,9567,320
29,F,Germany,11233,346
32,F,United States,11257,361
24,M,United States,9542,302
41,F,United States,9626,26
45,M,United Kingdom,9723,434
23,F,United States,10000,56
41,F,United States,11454,481
22,F,United States,11168,314
34,M,Norway,9507,275
43,M,France,9097,112
35,M,United States,9245,163
33,M,United States,9535,294
34,M,Kenya,7687,3
21,M,United States,8943,84
47,F,United States,11476,497
34,F,Canada,9754,35
19,M,United States,9569,322
24,F,United States,10836,184
43,M,United States,9540,300
34,M,United States,7991,15
29,F,United States,10085,60
37,F,United States,9983,54
28,F,United States,11012,240
23,F,United States,11200,330
40,F,United Kingdom,10578,121
33,F,United Kingdom,10179,68
29,F,United States,11031,249
43,F,United States,11020,244
25,M,United States,9106,114
35,M,United States,9267,171
27,F,United States,10919,203
35,M,United States,9649,391
50,M,Brazil,9594,349
25,M,United States,9400,235
36,F,United States,11338,409
27,F,United States,9402,19
30,F,United States,10839,185
30,F,United States,10920,205
39,M,France,9099,113
42,F,Canada,9852,46
31,M,Mexico,9715,429
38,M,United States,8866,67
21,M,United States,9356,216
26,M,United States,9538,298
28,M,United Kingdom,9508,276
28,F,Mexico,11114,286
33,M,United States,9574,330
22,M,United States,9310,192
37,F,United States,10713,143
35,M,Germany,8873,70
36,F,United States,10821,177
45,M,United States,9353,213
32,F,United States,11254,359
28,M,United States,9740,445
31,F,Canada,11356,426
26,M,United States,9649,392
44,F,Ireland,10952,218
27,M,United States,9739,444
42,F,United States,10953,219
23,M,United States,9310,191
25,M,United States,9649,390
34,F,United States,11466,489
37,M,United States,9303,188
37,F,United States,10989,232
23,F,United States,9900,49
29,M,United States,9445,251
29,M,Ethiopia,7679,2
28,M,United States,9376,226
38,M,United States,9238,159
31,F,United States,11065,264
39,M,Ireland,9587,341
40,M,United States,9218,151
30,M,United Kingdom,9341,205
28,F,Ethiopia,8950,8
35,M,United States,9717,431
29,M,United States,9202,143
40,F,Estonia,11350,421
28,F,Canada,10848,188
26,M,Peru,9447,253
24,M,Hong Kong,9533,292
25,M,United States,9618,362
36,F,United States,11368,432
25,M,United States,9808,497
29,F,United States,9928,50
28,M,United States,9602,355
38,F,Spain,11373,435
42,F,United States,9645,29
40,F,United States,11265,366
42,M,United States,9629,375
25,M,United States,9548,305
33,M,United States,9684,411
33,F,United States,10916,201
44,M,France,9263,170
30,M,United States,9622,367
28,F,United States,11249,353
35,F,United States,8820,5
37,F,United States,9820,42
28,M,Canada,9786,481
31,M,United Kingdom,9645,386
34,F,United States,11305,395
36,F,United States,10809,174
34,F,Canada,11061,262
27,M,Denmark,9214,149
33,M,United States,9584,338
38,M,United States,9755,461
31,M,Eritrea,7985,14
33,M,United States,9569,323
31,F,United States,10931,208
39,F,United States,11231,343
25,M,United States,9647,388
38,F,United States,10769,163
35,F,United States,11338,410
38,F,United States,10676,135
35,M,Venezuela,9715,430
24,M,Japan,8371,28
23,M,United States,9321,197
30,M,United States,9384,227
26,M,United States,9261,169
39,M,United States,8700,43
26,F,United States,11044,256
28,M,United States,9581,332
50,F,China,10834,182
43,M,United States,9631,378
26,F,United States,10497,99
40,F,United States,11443,474
33,M,United States,9330,201
28,F,United States,11431,464
42,F,United States,11236,349
33,M,United States,9657,397
31,F,United States,9548,24
28,M,United States,8712,44
25,M,United States,9252,166
27,F,United States,10980,226
32,F,United States,10734,150
36,F,Canada,10525,102
28,F,United States,10740,152
28,F,United States,11444,478
36,F,United States,11218,337
30,F,United States,11324,402
36,F,United States,11466,488
26,M,United States,9316,195
29,F,United States,11338,411
31,F,United States,11180,319
26,F,United States,10143,64
31,M,Switzerland,9615,361
32,F,United States,11327,405
29,F,United States,11257,360
28,M,United States,8869,68
33,M,Denmark,9462,256
26,M,United States,9638,381
26,F,United States,10683,137
33,M,United Kingdom,9612,359
28,M,United States,9181,136
35,F,United States,11198,329
24,M,United States,9606,357
40,M,United States,9587,342
46,F,South Africa,11402,452
38,F,United States,11435,469
28,F,United States,11287,379
30,F,United States,10428,91
28,F,United States,11339,413
30,F,United States,11236,350
52,M,Colombia,9419,241
21,F,United States,11259,362
39,M,United States,9232,156
27,F,United States,11275,374
36,M,United Kingdom,8257,23
28,F,United States,11327,404
30,F,United States,10982,228
23,M,United States,9742,447
39,F,Australia,11023,246
28,F,United States,11193,327
35,M,United States,8972,92
32,M,United States,9419,242
30,M,New Zealand,8927,79
35,F,Colombia,11412,457
38,M,Brazil,9810,498
31,F,France,11360,428
39,F,Australia,11391,444
41,F,United States,10168,66
25,M,United States,9362,218
29,M,Palestine,9663,402
41,M,Australia,8921,76
26,F,United States,11253,356
25,F,United States,11355,425
37,M,United Kingdom,9793,488
38,M,United States,9540,301
38,M,Ireland,9432,247
29,M,Canada,9294,181
30,F,United States,11459,484
30,F,United States,11045,258
47,M,United States,9571,326
35,F,China,10085,61
41,M,Spain,9657,396
39,M,United States,9212,148
25,F,United States,11341,414
42,F,Austria,11181,320
23,M,United States,9201,140
42,M,Canada,9345,208
28,M,New Zealand,9540,299
26,M,United States,9674,407
37,F,United States,10919,204
28,F,Japan,11165,312
23,F,United States,11264,365
24,M,United States,8996,96
30,M,United States,9624,370
33,M,United States,9495,267
31,F,United States,9750,34
26,F,United States,11439,471
37,F,United States,10942,212
33,M,Ecuador,9530,288
24,M,Kenya,7765,9
38,M,United States,9772,472
28,F,United States,11463,485
31,M,Canada,9751,458
19,M,United States,9765,467
39,M,United States,9811,499
29,M,Italy,9532,289
32,F,United States,9828,43
28,F,United States,10762,162
25,F,Canada,10897,199
35,M,United States,8917,75
34,F,United States,11172,316
