Age,Education,Recruitment_channel,No_of_trainings,Avg_training_score
27,Bachelor's,other,1,67
45,Master's & above,other,1,72
33,Bachelor's,sourcing,3,67
49,Bachelor's,other,1,81
40,Master's & above,other,2,51
47,Bachelor's,sourcing,1,45
34,Bachelor's,other,1,63
32,Bachelor's,other,1,55
37,Master's & above,other,1,70
39,Master's & above,other,2,50
33,Master's & above,sourcing,1,59
47,Bachelor's,sourcing,2,75
35,Master's & above,sourcing,1,80
34,Bachelor's,referred,1,59
32,Bachelor's,other,2,86
36,Master's & above,other,1,61
27,Bachelor's,sourcing,1,42
31,Bachelor's,sourcing,1,80
31,Bachelor's,other,1,83
28,Bachelor's,other,2,50
30,Bachelor's,sourcing,2,50
28,Bachelor's,other,1,51
60,Master's & above,other,1,75
32,Bachelor's,sourcing,1,50
29,Bachelor's,sourcing,1,61
35,Bachelor's,other,2,87
35,Bachelor's,sourcing,1,61
30,Bachelor's,other,1,50
27,Bachelor's,other,1,51
39,Bachelor's,other,1,44
29,Bachelor's,sourcing,2,51
44,Master's & above,other,1,68
38,Master's & above,other,1,63
43,Master's & above,other,1,60
32,Bachelor's,sourcing,2,59
37,Bachelor's,other,1,82
29,Bachelor's,other,2,86
34,Bachelor's,other,1,59
38,Bachelor's,other,1,80
25,Bachelor's,sourcing,1,47
28,Bachelor's,other,1,48
29,Bachelor's,other,2,50
40,Bachelor's,sourcing,1,63
32,Bachelor's,other,1,72
33,Bachelor's,other,1,82
28,Bachelor's,other,2,87
34,Bachelor's,other,1,60
39,Master's & above,other,1,85
30,Bachelor's,other,1,51
29,Bachelor's,other,1,95
39,Master's & above,other,1,48
43,Master's & above,sourcing,1,52
36,Master's & above,other,1,52
32,Master's & above,other,1,85
40,Master's & above,other,2,49
52,Master's & above,sourcing,1,71
31,Bachelor's,other,1,82
41,Bachelor's,sourcing,1,64
31,Master's & above,sourcing,1,50
48,Bachelor's,other,1,49
29,Bachelor's,sourcing,1,59
49,Master's & above,other,1,63
30,Master's & above,sourcing,1,50
31,Bachelor's,sourcing,1,71
40,Master's & above,other,1,59
40,Master's & above,other,1,80
22,Bachelor's,sourcing,1,50
35,Bachelor's,other,1,52
26,Bachelor's,other,1,57
35,Master's & above,sourcing,2,51
32,Bachelor's,other,1,47
34,Bachelor's,other,1,78
42,Master's & above,sourcing,2,58
59,Bachelor's,sourcing,1,54
33,Bachelor's,other,1,54
27,Bachelor's,sourcing,1,61
33,Bachelor's,sourcing,1,78
30,Bachelor's,sourcing,1,87
28,Bachelor's,other,1,51
48,Master's & above,sourcing,2,63
54,Master's & above,other,1,54
36,Bachelor's,sourcing,1,78
30,Bachelor's,sourcing,1,60
41,Master's & above,sourcing,1,71
35,Master's & above,other,1,83
38,Master's & above,sourcing,1,44
32,Bachelor's,sourcing,1,86
53,Bachelor's,other,2,68
37,Master's & above,sourcing,2,81
38,Master's & above,sourcing,2,46
42,Bachelor's,sourcing,1,49
35,Master's & above,other,1,50
45,Master's & above,other,2,44
46,Bachelor's,sourcing,1,68
36,Master's & above,other,1,49
56,Master's & above,other,1,75
39,Bachelor's,other,2,59
27,Bachelor's,sourcing,1,46
38,Master's & above,sourcing,1,67
27,Bachelor's,sourcing,1,77
33,Bachelor's,referred,1,78
43,Bachelor's,other,2,47
38,Master's & above,sourcing,1,69
42,Bachelor's,other,1,69
30,Bachelor's,other,1,55
42,Master's & above,other,1,70
25,Below Secondary,sourcing,1,58
40,Master's & above,other,1,48
32,Bachelor's,sourcing,1,49
34,Bachelor's,other,2,70
37,Bachelor's,other,1,61
28,Bachelor's,referred,1,50
25,Bachelor's,sourcing,1,72
38,Bachelor's,other,1,61
34,Bachelor's,other,1,84
38,Bachelor's,sourcing,1,53
33,Bachelor's,other,1,60
40,Bachelor's,sourcing,2,59
31,Bachelor's,sourcing,1,80
42,Master's & above,other,1,64
49,Bachelor's,other,1,58
34,Master's & above,sourcing,1,67
47,Bachelor's,sourcing,1,76
33,Master's & above,other,1,62
20,Bachelor's,sourcing,1,82
32,Bachelor's,sourcing,2,85
32,Bachelor's,sourcing,1,58
44,Bachelor's,sourcing,1,51
35,Bachelor's,sourcing,1,62
34,Bachelor's,sourcing,4,81
33,Bachelor's,other,1,62
35,Master's & above,sourcing,1,50
39,Bachelor's,other,1,86
25,Bachelor's,other,1,44
27,Bachelor's,other,1,77
33,Master's & above,sourcing,1,79
38,Master's & above,other,1,94
37,Bachelor's,sourcing,3,75
32,Bachelor's,other,2,49
49,Bachelor's,other,1,45
33,Bachelor's,sourcing,3,49
32,Bachelor's,sourcing,1,46
45,Master's & above,other,1,58
40,Bachelor's,sourcing,1,81
40,Bachelor's,other,1,73
29,Bachelor's,sourcing,1,78
28,Bachelor's,other,1,52
38,Bachelor's,other,1,57
32,Bachelor's,sourcing,1,83
46,Master's & above,sourcing,3,50
34,Master's & above,other,1,76
28,Bachelor's,sourcing,1,87
58,Bachelor's,other,1,60
32,Bachelor's,other,1,60
29,Bachelor's,sourcing,1,65
26,Bachelor's,sourcing,1,45
38,Bachelor's,other,1,44
36,Bachelor's,other,1,61
36,Master's & above,sourcing,1,72
38,Bachelor's,sourcing,1,66
36,Master's & above,other,1,64
40,Master's & above,sourcing,1,64
33,Master's & above,other,1,70
55,Master's & above,other,3,47
56,Master's & above,sourcing,1,65
46,Master's & above,sourcing,1,60
37,Bachelor's,other,1,47
21,Bachelor's,other,1,50
29,Bachelor's,sourcing,1,60
41,Bachelor's,other,1,46
39,Bachelor's,sourcing,1,59
39,Bachelor's,other,1,47
39,Master's & above,sourcing,1,46
49,Bachelor's,sourcing,1,51
34,Bachelor's,sourcing,1,60
29,Bachelor's,other,2,62
39,Bachelor's,other,1,54
41,Master's & above,sourcing,2,51
38,Bachelor's,other,2,49
29,Bachelor's,referred,2,79
30,Bachelor's,sourcing,1,48
35,Bachelor's,other,2,48
34,Master's & above,sourcing,1,77
37,Master's & above,other,1,70
43,Bachelor's,other,1,58
34,Bachelor's,other,1,68
30,Bachelor's,sourcing,1,50
29,Bachelor's,sourcing,1,82
31,Bachelor's,sourcing,1,60
28,Bachelor's,sourcing,2,67
39,Bachelor's,sourcing,1,54
45,Bachelor's,other,1,50
35,Master's & above,other,1,69
29,Bachelor's,sourcing,1,68
31,Master's & above,sourcing,1,49
40,Bachelor's,other,1,73
27,Bachelor's,sourcing,1,50
31,Bachelor's,other,1,61
50,Bachelor's,sourcing,1,55
32,Bachelor's,other,1,52
31,Bachelor's,sourcing,2,83
30,Bachelor's,sourcing,1,70
31,Bachelor's,other,1,55
36,Master's & above,sourcing,1,86
30,Bachelor's,other,1,84
26,Bachelor's,other,1,84
32,Bachelor's,sourcing,1,44
45,Bachelor's,other,3,68
31,Bachelor's,other,1,52
36,Master's & above,other,3,56
36,Bachelor's,sourcing,1,61
29,Bachelor's,other,2,88
37,Bachelor's,sourcing,1,60
33,Master's & above,other,2,57
43,Master's & above,other,1,62
32,Bachelor's,other,1,82
36,Bachelor's,other,1,58
40,Bachelor's,other,1,73
47,Bachelor's,sourcing,1,59
47,Bachelor's,sourcing,1,62
33,Bachelor's,other,1,48
41,Master's & above,sourcing,1,49
50,Master's & above,other,1,58
31,Bachelor's,other,3,47
25,Bachelor's,sourcing,1,53
34,Bachelor's,sourcing,1,81
56,Master's & above,sourcing,1,47
32,Master's & above,sourcing,1,80
36,Master's & above,other,1,80
26,Bachelor's,other,2,70
32,Bachelor's,other,2,49
29,Bachelor's,sourcing,1,79
37,Master's & above,other,1,61
30,Bachelor's,other,1,77
30,Bachelor's,other,1,52
27,Bachelor's,sourcing,1,44
30,Bachelor's,other,3,71
37,Bachelor's,other,1,60
41,Bachelor's,other,1,51
39,Bachelor's,sourcing,1,60
38,Master's & above,sourcing,1,53
36,Bachelor's,other,1,53
31,Bachelor's,sourcing,1,61
34,Master's & above,other,1,70
39,Bachelor's,sourcing,1,50
30,Bachelor's,other,1,62
33,Bachelor's,other,1,55
30,Master's & above,referred,1,88
39,Master's & above,sourcing,2,65
27,Bachelor's,other,2,56
30,Bachelor's,sourcing,1,86
34,Bachelor's,sourcing,1,81
44,Master's & above,other,2,74
28,Bachelor's,sourcing,1,63
43,Master's & above,sourcing,3,49
34,Bachelor's,sourcing,1,83
58,Master's & above,sourcing,1,79
58,Master's & above,other,1,45
29,Bachelor's,referred,1,79
37,Master's & above,other,1,48
32,Bachelor's,sourcing,2,70
40,Master's & above,other,1,52
57,Master's & above,other,1,76
29,Bachelor's,sourcing,2,83
46,Bachelor's,sourcing,1,54
29,Bachelor's,other,3,84
37,Bachelor's,sourcing,1,66
41,Master's & above,sourcing,2,51
32,Bachelor's,sourcing,1,82
34,Master's & above,sourcing,2,60
33,Bachelor's,sourcing,1,59
30,Bachelor's,sourcing,1,61
29,Bachelor's,sourcing,1,82
41,Master's & above,other,1,79
38,Bachelor's,sourcing,2,87
26,Bachelor's,sourcing,1,51
34,Bachelor's,other,1,59
52,Master's & above,sourcing,1,81
38,Bachelor's,other,1,72
57,Master's & above,sourcing,1,71
34,Bachelor's,other,1,59
37,Master's & above,other,1,82
34,Bachelor's,other,1,60
43,Master's & above,sourcing,1,63
40,Master's & above,other,1,56
20,Bachelor's,sourcing,1,56
31,Bachelor's,sourcing,1,55
26,Below Secondary,other,1,57
35,Master's & above,sourcing,1,50
44,Master's & above,other,1,50
50,Bachelor's,other,1,80
38,Master's & above,other,1,65
41,Master's & above,other,2,83
28,Bachelor's,other,1,48
33,Bachelor's,sourcing,1,68
29,Bachelor's,other,1,59
38,Bachelor's,other,1,83
31,Bachelor's,sourcing,2,66
32,Bachelor's,referred,1,86
34,Bachelor's,other,1,68
