Age,Height,CALC,CH2O,MTRANS
21,1.65,Never,3,Public_Transportation
25,1.87,Sometimes,2,Public_Transportation
21,1.77,Sometimes,2,Public_Transportation
23,1.65,Frequently,2,Automobile
22,1.75,Never,2,Public_Transportation
22,1.72,Never,1,Public_Transportation
38,1.75,Never,1,Automobile
17,1.85,Never,2,Automobile
26,1.63,Sometimes,2,Public_Transportation
22,1.66,Sometimes,1,Public_Transportation
26,1.62,Sometimes,2,Public_Transportation
24,1.77,Sometimes,3,Walking
20,1.75,Sometimes,2,Public_Transportation
28,1.69,Never,1,Public_Transportation
22,1.86,Sometimes,1,Public_Transportation
21,1.72,Sometimes,1,Public_Transportation
21,1.74,Never,2,Public_Transportation
29,1.62,Sometimes,2,Automobile
20,1.64,Never,1,Public_Transportation
26,1.65,Sometimes,2,Public_Transportation
23,1.63,Sometimes,3,Public_Transportation
18,1.79,Sometimes,2,Public_Transportation
29,1.7,Sometimes,1,Automobile
18,1.73,Sometimes,1,Public_Transportation
35,1.66,Never,1,Automobile
26,1.59,Sometimes,2,Public_Transportation
29,1.82,Never,1,Automobile
22,1.65,Never,2,Public_Transportation
25,1.83,Sometimes,3,Public_Transportation
23,1.76,Never,2,Public_Transportation
23,1.7,Sometimes,1,Public_Transportation
32,1.7,Never,1,Public_Transportation
18,1.75,Never,2,Public_Transportation
40,1.75,Never,1,Automobile
37,1.57,Sometimes,2,Automobile
43,1.57,Never,2,Automobile
20,1.7,Sometimes,1,Public_Transportation
26,1.83,Sometimes,2,Public_Transportation
26,1.63,Sometimes,2,Public_Transportation
19,1.58,Sometimes,1,Public_Transportation
21,1.7,Always,2,Walking
21,1.71,Never,1,Public_Transportation
26,1.61,Sometimes,2,Public_Transportation
26,1.61,Sometimes,1,Public_Transportation
18,1.8,Sometimes,2,Public_Transportation
19,1.69,Sometimes,1,Public_Transportation
27,1.66,Never,2,Public_Transportation
32,1.72,Sometimes,1,Automobile
18,1.76,Sometimes,2,Public_Transportation
24,1.7,Sometimes,2,Public_Transportation
19,1.63,Sometimes,1,Public_Transportation
40,1.57,Never,2,Automobile
22,1.64,Sometimes,2,Public_Transportation
25,1.63,Sometimes,1,Public_Transportation
19,1.6,Never,3,Walking
21,1.6,Never,2,Public_Transportation
19,1.59,Sometimes,1,Public_Transportation
21,1.73,Sometimes,1,Public_Transportation
18,1.72,Sometimes,1,Public_Transportation
19,1.81,Sometimes,2,Public_Transportation
40,1.76,Sometimes,1,Automobile
18,1.6,Sometimes,2,Public_Transportation
33,1.73,Never,2,Automobile
20,1.62,Never,1,Public_Transportation
22,1.64,Never,1,Public_Transportation
16,1.64,Never,1,Public_Transportation
21,1.68,Sometimes,1,Public_Transportation
32,1.68,Sometimes,1,Automobile
32,1.78,Sometimes,2,Automobile
21,1.55,Sometimes,1,Public_Transportation
22,1.75,Sometimes,2,Public_Transportation
29,1.77,Sometimes,2,Automobile
29,1.92,Sometimes,1,Public_Transportation
18,1.75,Never,2,Public_Transportation
17,1.65,Never,2,Walking
29,1.83,Sometimes,1,Automobile
31,1.75,Sometimes,2,Automobile
23,1.73,Never,2,Public_Transportation
25,1.7,Never,2,Public_Transportation
34,1.71,Never,3,Automobile
47,1.64,Never,1,Automobile
21,1.85,Sometimes,1,Public_Transportation
34,1.71,Never,1,Public_Transportation
21,1.76,Sometimes,2,Public_Transportation
21,1.71,Never,1,Public_Transportation
30,1.67,Never,1,Public_Transportation
23,1.84,Sometimes,2,Automobile
52,1.69,Never,2,Automobile
21,1.71,Sometimes,1,Public_Transportation
24,1.6,Never,2,Public_Transportation
33,1.68,Never,1,Public_Transportation
28,1.76,Sometimes,2,Automobile
19,1.8,Never,1,Motorbike
39,1.74,Sometimes,1,Automobile
30,1.78,Sometimes,2,Automobile
25,1.51,Never,1,Public_Transportation
21,1.69,Sometimes,1,Public_Transportation
24,1.77,Sometimes,2,Public_Transportation
22,1.61,Sometimes,2,Public_Transportation
25,1.65,Sometimes,2,Public_Transportation
18,1.73,Frequently,2,Public_Transportation
27,1.76,Sometimes,2,Automobile
21,1.6,Sometimes,1,Public_Transportation
18,1.79,Sometimes,1,Public_Transportation
25,1.6,Sometimes,1,Public_Transportation
23,1.7,Sometimes,3,Public_Transportation
20,1.88,Sometimes,2,Public_Transportation
19,1.67,Sometimes,1,Public_Transportation
20,1.8,Sometimes,2,Public_Transportation
37,1.56,Sometimes,1,Automobile
18,1.74,Sometimes,1,Public_Transportation
21,1.66,Frequently,2,Public_Transportation
21,1.56,Never,1,Public_Transportation
22,1.88,Sometimes,1,Automobile
26,1.64,Sometimes,2,Public_Transportation
26,1.63,Sometimes,2,Public_Transportation
18,1.58,Never,2,Public_Transportation
19,1.71,Sometimes,1,Public_Transportation
18,1.59,Sometimes,1,Public_Transportation
18,1.62,Never,1,Public_Transportation
19,1.6,Sometimes,2,Public_Transportation
31,1.87,Sometimes,1,Automobile
25,1.77,Sometimes,2,Public_Transportation
21,1.7,Never,2,Public_Transportation
36,1.63,Sometimes,1,Automobile
21,1.7,Never,1,Public_Transportation
18,1.76,Sometimes,2,Public_Transportation
31,1.67,Sometimes,2,Automobile
19,1.54,Sometimes,1,Public_Transportation
25,1.68,Sometimes,1,Public_Transportation
18,1.81,Never,2,Public_Transportation
23,1.66,Never,3,Public_Transportation
33,1.71,Never,2,Automobile
20,1.61,Sometimes,1,Public_Transportation
27,1.67,Sometimes,2,Automobile
23,1.72,Sometimes,2,Walking
25,1.63,Sometimes,2,Public_Transportation
30,1.76,Sometimes,2,Automobile
37,1.57,Sometimes,1,Automobile
18,1.62,Never,1,Public_Transportation
20,1.53,Sometimes,1,Public_Transportation
19,1.8,Sometimes,2,Walking
37,1.56,Sometimes,1,Automobile
21,1.75,Sometimes,3,Public_Transportation
22,1.6,Never,2,Bike
18,1.67,Sometimes,2,Public_Transportation
30,1.76,Sometimes,2,Automobile
18,1.7,Sometimes,1,Public_Transportation
23,1.5,Sometimes,2,Motorbike
20,1.77,Sometimes,2,Public_Transportation
21,1.71,Sometimes,2,Public_Transportation
36,1.65,Never,1,Automobile
25,1.68,Sometimes,1,Public_Transportation
26,1.58,Sometimes,1,Public_Transportation
18,1.78,Sometimes,2,Public_Transportation
16,1.82,Sometimes,2,Public_Transportation
33,1.84,Sometimes,3,Automobile
36,1.7,Never,2,Automobile
23,1.74,Sometimes,2,Public_Transportation
18,1.93,Sometimes,2,Walking
30,1.91,Sometimes,1,Public_Transportation
18,1.67,Sometimes,1,Public_Transportation
18,1.7,Sometimes,2,Public_Transportation
21,1.69,Never,2,Public_Transportation
17,1.8,Sometimes,1,Public_Transportation
18,1.5,Never,1,Public_Transportation
19,1.68,Sometimes,1,Public_Transportation
26,1.63,Sometimes,2,Public_Transportation
21,1.52,Never,2,Public_Transportation
24,1.79,Sometimes,2,Public_Transportation
21,1.52,Sometimes,1,Public_Transportation
21,1.72,Never,2,Public_Transportation
20,1.65,Never,2,Public_Transportation
21,1.75,Sometimes,2,Public_Transportation
22,1.83,Sometimes,1,Public_Transportation
25,1.84,Sometimes,2,Public_Transportation
26,1.7,Frequently,2,Public_Transportation
33,1.63,Never,2,Public_Transportation
22,1.66,Never,1,Public_Transportation
22,1.78,Sometimes,2,Public_Transportation
24,1.61,Never,1,Public_Transportation
21,1.73,Sometimes,1,Public_Transportation
30,1.76,Frequently,2,Automobile
20,1.76,Frequently,2,Public_Transportation
18,1.75,Sometimes,2,Public_Transportation
21,1.79,Sometimes,1,Public_Transportation
19,1.75,Sometimes,2,Public_Transportation
27,1.68,Never,1,Public_Transportation
22,1.63,Sometimes,2,Public_Transportation
19,1.69,Sometimes,1,Public_Transportation
18,1.65,Sometimes,1,Public_Transportation
35,1.67,Sometimes,1,Automobile
20,1.56,Sometimes,2,Public_Transportation
22,1.72,Sometimes,2,Public_Transportation
36,1.53,Sometimes,2,Automobile
21,1.52,Sometimes,3,Public_Transportation
23,1.78,Sometimes,2,Public_Transportation
21,1.65,Never,2,Public_Transportation
23,1.61,Never,2,Public_Transportation
22,1.61,Sometimes,2,Public_Transportation
32,1.75,Sometimes,2,Automobile
19,1.76,Frequently,3,Public_Transportation
19,1.6,Sometimes,2,Public_Transportation
18,1.7,Never,1,Public_Transportation
19,1.63,Never,1,Public_Transportation
19,1.55,Never,1,Public_Transportation
23,1.48,Sometimes,1,Public_Transportation
29,1.74,Sometimes,2,Automobile
40,1.53,Sometimes,1,Automobile
26,1.85,Sometimes,3,Public_Transportation
38,1.79,Frequently,2,Automobile
21,1.62,Sometimes,3,Public_Transportation
21,1.74,Never,1,Public_Transportation
26,1.62,Sometimes,2,Public_Transportation
18,1.79,Sometimes,2,Public_Transportation
29,1.91,Sometimes,1,Public_Transportation
22,1.7,Never,2,Public_Transportation
19,1.7,Sometimes,2,Public_Transportation
21,1.72,Sometimes,1,Public_Transportation
28,1.91,Sometimes,1,Public_Transportation
23,1.67,Sometimes,2,Public_Transportation
19,1.81,Sometimes,2,Public_Transportation
25,1.77,Sometimes,2,Public_Transportation
19,1.53,Never,1,Public_Transportation
31,1.82,Sometimes,1,Public_Transportation
22,1.75,Never,3,Public_Transportation
19,1.6,Sometimes,2,Public_Transportation
20,1.81,Sometimes,2,Public_Transportation
25,1.66,Never,1,Public_Transportation
21,1.52,Sometimes,1,Public_Transportation
21,1.75,Sometimes,2,Public_Transportation
17,1.49,Sometimes,2,Public_Transportation
23,1.67,Never,2,Walking
19,1.82,Sometimes,2,Public_Transportation
20,1.8,Never,2,Public_Transportation
18,1.81,Never,2,Public_Transportation
23,1.64,Sometimes,2,Public_Transportation
25,1.75,Sometimes,1,Automobile
18,1.8,Frequently,1,Public_Transportation
21,1.58,Sometimes,1,Public_Transportation
24,1.62,Never,1,Public_Transportation
41,1.57,Sometimes,1,Automobile
20,1.6,Sometimes,2,Public_Transportation
26,1.66,Sometimes,2,Public_Transportation
22,1.85,Sometimes,1,Public_Transportation
23,1.89,Sometimes,3,Public_Transportation
18,1.59,Never,1,Public_Transportation
25,1.63,Sometimes,2,Public_Transportation
19,1.67,Sometimes,1,Public_Transportation
45,1.68,Never,1,Automobile
18,1.75,Sometimes,2,Public_Transportation
17,1.7,Never,2,Public_Transportation
21,1.61,Sometimes,2,Public_Transportation
21,1.72,Sometimes,3,Automobile
32,1.76,Sometimes,1,Public_Transportation
26,1.8,Sometimes,2,Automobile
22,1.65,Never,2,Public_Transportation
24,1.6,Sometimes,2,Automobile
26,1.67,Sometimes,3,Automobile
55,1.78,Frequently,3,Walking
33,1.74,Sometimes,1,Walking
21,1.72,Sometimes,2,Public_Transportation
22,1.6,Never,2,Public_Transportation
26,1.64,Sometimes,2,Public_Transportation
17,1.64,Sometimes,2,Public_Transportation
24,1.78,Sometimes,2,Public_Transportation
17,1.79,Never,2,Public_Transportation
40,1.56,Never,2,Public_Transportation
22,1.8,Sometimes,2,Public_Transportation
21,1.49,Never,1,Public_Transportation
29,1.69,Sometimes,3,Automobile
25,1.69,Sometimes,1,Public_Transportation
18,1.75,Never,2,Public_Transportation
21,1.52,Sometimes,1,Public_Transportation
22,1.48,Never,1,Public_Transportation
21,1.85,Sometimes,1,Public_Transportation
23,1.68,Sometimes,1,Public_Transportation
38,1.52,Sometimes,1,Automobile
31,1.89,Sometimes,1,Public_Transportation
39,1.65,Sometimes,2,Public_Transportation
22,1.65,Sometimes,2,Public_Transportation
39,1.79,Sometimes,2,Automobile
21,1.79,Sometimes,2,Public_Transportation
20,1.57,Sometimes,1,Public_Transportation
21,1.66,Never,1,Public_Transportation
18,1.74,Never,2,Public_Transportation
21,1.79,Never,2,Automobile
25,1.61,Sometimes,1,Public_Transportation
21,1.79,Sometimes,1,Public_Transportation
23,1.58,Never,2,Public_Transportation
18,1.86,Sometimes,2,Public_Transportation
22,1.61,Sometimes,3,Public_Transportation
18,1.7,Sometimes,1,Public_Transportation
19,1.69,Sometimes,2,Public_Transportation
25,1.84,Sometimes,2,Public_Transportation
21,1.61,Sometimes,2,Public_Transportation
30,1.76,Sometimes,2,Automobile
22,1.6,Never,2,Public_Transportation
25,1.66,Sometimes,3,Automobile
24,1.74,Sometimes,2,Public_Transportation
