Extent_Of_Fire,Civilian_Casualties,Count_of_Persons_Rescued,Estimated_Dollar_Loss,Business_Impact
Confined to object of origin,0,0,250,No business interruption
Confined to object of origin,0,0,0,No business interruption
"Spread to other floors, confined to building",0,0,100000,No business interruption
Confined to object of origin,0,0,100,No business interruption
Confined to object of origin,0,0,0,No business interruption
Confined to roof/exterior structure,0,0,3000,No business interruption
Confined to object of origin,0,0,300,No business interruption
Confined to object of origin,0,0,2000,No business interruption
Confined to object of origin,0,0,5,No business interruption
Confined to object of origin,0,0,1000,No business interruption
Confined to part of room/area of origin,0,0,10000,No business interruption
Confined to part of room/area of origin,0,0,7500,No business interruption
Confined to object of origin,0,0,10,No business interruption
Confined to object of origin,0,0,500,No business interruption
Confined to part of room/area of origin,0,0,200,May resume operations within a week
Multi unit bldg: spread to separate suite(s),0,0,75000,No business interruption
"Spread beyond room of origin, same floor",0,0,50000,No business interruption
Confined to part of room/area of origin,0,0,2000,No business interruption
Confined to object of origin,0,0,0,No business interruption
Confined to object of origin,0,0,50,No business interruption
Confined to object of origin,0,0,0,May resume operations within a week
Confined to object of origin,0,0,1000,No business interruption
Confined to object of origin,0,0,0,No business interruption
Confined to object of origin,0,0,500,No business interruption
Confined to object of origin,0,0,20,No business interruption
Confined to part of room/area of origin,0,0,10000,May resume operations within a week
Confined to object of origin,0,0,25000,No business interruption
"Spread to other floors, confined to building",0,0,90000,No business interruption
Confined to object of origin,0,0,100,No business interruption
Confined to part of room/area of origin,0,0,20000,No business interruption
Confined to object of origin,0,0,0,No business interruption
Confined to part of room/area of origin,0,0,20000,No business interruption
Confined to part of room/area of origin,0,0,15000,No business interruption
Confined to part of room/area of origin,0,0,20000,No business interruption
Confined to object of origin,0,0,100,No business interruption
Confined to object of origin,0,0,500,No business interruption
Confined to part of room/area of origin,0,0,30000,No business interruption
Confined to object of origin,0,0,0,No business interruption
Confined to object of origin,0,0,250,No business interruption
Confined to roof/exterior structure,0,0,20000,No business interruption
Confined to object of origin,0,0,0,No business interruption
Confined to object of origin,0,0,1000,May resume operations within a week
Confined to object of origin,0,0,200,No business interruption
Confined to part of room/area of origin,0,0,10000,May resume operations within a week
Confined to object of origin,0,0,1500,No business interruption
Confined to object of origin,0,0,0,No business interruption
Confined to object of origin,0,0,0,No business interruption
Confined to object of origin,0,0,25000,May resume operations within a week
Confined to object of origin,0,0,1000,No business interruption
"Spread beyond room of origin, same floor",0,0,250000,No business interruption
Confined to object of origin,0,0,500,No business interruption
Confined to object of origin,0,0,300,No business interruption
"Spread beyond room of origin, same floor",0,0,200000,May resume operations within a year
Spread to entire room of origin,4,2,100000,No business interruption
Confined to object of origin,0,0,10000,No business interruption
Confined to part of room/area of origin,0,0,50000,No business interruption
Confined to part of room/area of origin,0,0,500,No business interruption
Confined to object of origin,0,0,3000,No business interruption
Confined to object of origin,0,0,5000,No business interruption
Confined to object of origin,0,0,0,No business interruption
Confined to object of origin,0,0,10,No business interruption
Confined to object of origin,0,0,3000,No business interruption
Spread to entire room of origin,0,0,20000,No business interruption
Confined to part of room/area of origin,1,0,2000,No business interruption
Spread to entire room of origin,0,0,50000,May resume operations within a week
Confined to object of origin,0,0,0,No business interruption
Confined to part of room/area of origin,0,0,10000,May not resume operations
Confined to object of origin,0,0,2000,No business interruption
Confined to object of origin,0,0,500,No business interruption
Confined to object of origin,0,0,0,No business interruption
Confined to part of room/area of origin,1,0,500,May resume operations within a week
Confined to part of room/area of origin,1,0,10000,No business interruption
Confined to object of origin,0,0,100,No business interruption
Confined to roof/exterior structure,0,0,15000,No business interruption
Confined to part of room/area of origin,0,0,5000,No business interruption
Confined to part of room/area of origin,0,0,50000,May not resume operations
Confined to object of origin,0,0,1000,No business interruption
Confined to part of room/area of origin,0,0,10000,No business interruption
Confined to object of origin,1,0,2500,No business interruption
Confined to object of origin,0,0,2500,No business interruption
Confined to object of origin,1,0,1000,No business interruption
Confined to part of room/area of origin,0,0,15000,No business interruption
Confined to object of origin,0,0,2000,No business interruption
Confined to object of origin,0,0,2000,No business interruption
Confined to part of room/area of origin,0,0,47000,No business interruption
Confined to part of room/area of origin,0,0,20000,May not resume operations
Confined to part of room/area of origin,0,0,1000,No business interruption
Confined to object of origin,0,0,500,No business interruption
Confined to object of origin,0,0,100000,No business interruption
Confined to object of origin,0,0,300,No business interruption
Confined to part of room/area of origin,1,0,5000,No business interruption
Confined to part of room/area of origin,0,0,1500,No business interruption
Confined to object of origin,0,0,0,No business interruption
Confined to part of room/area of origin,0,0,2000,No business interruption
"Spread to other floors, confined to building",2,0,250000,No business interruption
Confined to part of room/area of origin,1,1,10000,No business interruption
Confined to object of origin,0,0,1000,No business interruption
Confined to object of origin,0,0,0,No business interruption
Confined to object of origin,0,0,0,No business interruption
Confined to object of origin,0,0,200,No business interruption
Confined to part of room/area of origin,0,2,20000,May resume operations within a week
Confined to part of room/area of origin,0,0,750,No business interruption
Confined to part of room/area of origin,0,0,1,No business interruption
"Spread beyond room of origin, same floor",0,0,200000,No business interruption
Confined to object of origin,0,0,10000,No business interruption
Confined to object of origin,0,0,500,No business interruption
"Spread beyond room of origin, same floor",3,3,100000,No business interruption
"Spread beyond room of origin, same floor",0,0,50000,No business interruption
Confined to roof/exterior structure,0,0,3000,No business interruption
Confined to part of room/area of origin,0,0,1000,No business interruption
Confined to object of origin,0,0,1000,No business interruption
Confined to object of origin,0,0,0,No business interruption
Confined to part of room/area of origin,1,0,50000,May resume operations within a week
Confined to object of origin,0,0,100,May resume operations within a week
Confined to part of room/area of origin,0,0,5000,No business interruption
Confined to object of origin,0,0,10000,May resume operations within a week
Confined to object of origin,0,0,30000,May resume operations within a week
Confined to part of room/area of origin,0,0,15000,May resume operations within a week
Confined to object of origin,0,0,200,No business interruption
Confined to object of origin,0,0,3000,No business interruption
Confined to part of room/area of origin,0,0,2000,No business interruption
Confined to part of room/area of origin,0,0,5000,No business interruption
Confined to object of origin,0,0,0,No business interruption
Confined to object of origin,0,0,100,No business interruption
Confined to part of room/area of origin,0,0,5000,No business interruption
Confined to object of origin,0,0,100,No business interruption
Confined to object of origin,0,0,0,No business interruption
Confined to roof/exterior structure,0,0,500000,May resume operations within a year
Confined to object of origin,0,0,500,No business interruption
Confined to object of origin,0,0,20,No business interruption
Confined to part of room/area of origin,0,0,0,No business interruption
"Spread beyond room of origin, same floor",0,0,100000,No business interruption
Confined to object of origin,0,0,1000,No business interruption
Confined to part of room/area of origin,0,0,0,No business interruption
Confined to object of origin,0,0,1500,No business interruption
Confined to part of room/area of origin,1,0,40000,No business interruption
Confined to object of origin,0,0,0,No business interruption
Entire Structure,0,0,750000,No business interruption
Confined to object of origin,0,0,200,No business interruption
Confined to object of origin,0,0,1000,No business interruption
Entire Structure,0,1,1250000,No business interruption
Confined to part of room/area of origin,0,0,100,No business interruption
Confined to part of room/area of origin,0,0,20000,May resume operations within a week
Confined to object of origin,0,0,0,No business interruption
Confined to object of origin,0,0,2000,No business interruption
Confined to object of origin,0,0,100,May resume operations within a week
Confined to object of origin,0,0,1000,May resume operations within a week
Confined to object of origin,0,0,50,No business interruption
Confined to object of origin,0,0,20,No business interruption
Confined to part of room/area of origin,2,0,600,No business interruption
Confined to object of origin,0,0,50,No business interruption
Confined to part of room/area of origin,0,0,200,No business interruption
"Spread beyond room of origin, same floor",2,2,200000,May resume operations within a week
Confined to object of origin,0,0,2000,May resume operations within a week
Confined to object of origin,0,0,1000,No business interruption
Confined to part of room/area of origin,0,0,500,No business interruption
Confined to object of origin,0,0,0,No business interruption
Confined to object of origin,0,0,0,No business interruption
Confined to part of room/area of origin,0,0,1500,No business interruption
Confined to object of origin,1,0,50000,No business interruption
Confined to object of origin,0,0,250,No business interruption
Confined to object of origin,0,0,20000,May resume operations within a week
Confined to object of origin,1,1,10,No business interruption
Confined to part of room/area of origin,0,0,5000,No business interruption
Confined to part of room/area of origin,0,0,10000,May resume operations within a week
Confined to object of origin,0,0,40000,No business interruption
Confined to part of room/area of origin,0,0,0,No business interruption
Confined to part of room/area of origin,1,0,15000,No business interruption
Confined to object of origin,0,0,1000,No business interruption
Confined to object of origin,0,0,0,No business interruption
Confined to part of room/area of origin,0,0,50000,No business interruption
Confined to object of origin,0,0,600,No business interruption
Confined to part of room/area of origin,1,0,3500,No business interruption
"Spread beyond building of origin, resulted in exposure fire(s)",0,0,350000,No business interruption
Confined to object of origin,0,0,1000,No business interruption
Confined to part of room/area of origin,1,0,10000,May resume operations within a week
"Spread beyond building of origin, resulted in exposure fire(s)",0,0,1200000,No business interruption
Confined to part of room/area of origin,4,0,30000,May resume operations within a month
Confined to object of origin,0,0,2,No business interruption
Confined to object of origin,0,0,5000,No business interruption
Confined to part of room/area of origin,0,2,300,No business interruption
Confined to object of origin,0,0,100,No business interruption
Confined to object of origin,0,0,0,No business interruption
Confined to part of room/area of origin,0,0,2000,No business interruption
Confined to object of origin,0,0,1,No business interruption
Confined to object of origin,0,0,1000,No business interruption
Confined to object of origin,0,0,200,No business interruption
Confined to part of room/area of origin,0,0,100000,May resume operations within a month
Confined to object of origin,0,0,10000,May resume operations within a week
"Spread beyond room of origin, same floor",15,6,1000000,No business interruption
Confined to object of origin,0,0,0,No business interruption
Confined to object of origin,0,0,0,No business interruption
Confined to object of origin,0,0,2000,No business interruption
Confined to part of room/area of origin,0,0,400000,May resume operations within a month
Confined to part of room/area of origin,0,0,1000,No business interruption
Confined to object of origin,0,0,100,No business interruption
Confined to object of origin,0,0,0,No business interruption
Confined to part of room/area of origin,0,0,500,No business interruption
Confined to object of origin,1,0,300,No business interruption
Confined to object of origin,0,0,0,No business interruption
Confined to object of origin,0,0,500,No business interruption
Spread to entire room of origin,0,0,10000,No business interruption
Confined to part of room/area of origin,0,0,4000,No business interruption
Confined to object of origin,0,0,500,No business interruption
Confined to part of room/area of origin,0,0,3000,No business interruption
Confined to part of room/area of origin,0,0,0,No business interruption
Confined to object of origin,0,0,20000,No business interruption
Confined to object of origin,0,0,0,No business interruption
Spread to entire room of origin,0,0,400000,May resume operations within a month
Confined to object of origin,0,0,10000,No business interruption
Confined to object of origin,0,0,300,No business interruption
Confined to object of origin,0,0,100,No business interruption
Confined to part of room/area of origin,0,0,500,No business interruption
Confined to object of origin,0,0,200,No business interruption
Confined to object of origin,0,0,3000,No business interruption
Confined to part of room/area of origin,0,0,50,No business interruption
Confined to object of origin,0,0,0,No business interruption
Confined to part of room/area of origin,0,0,15000,No business interruption
Confined to roof/exterior structure,0,0,17000,No business interruption
Confined to part of room/area of origin,0,0,80000,May resume operations within a month
Confined to part of room/area of origin,0,0,5000,No business interruption
Confined to part of room/area of origin,0,0,5000,No business interruption
Undetermined,0,0,1000,No business interruption
Confined to object of origin,0,0,50,No business interruption
Confined to part of room/area of origin,0,0,100,No business interruption
Confined to part of room/area of origin,0,0,30000,No business interruption
Confined to object of origin,0,0,50,No business interruption
Confined to part of room/area of origin,0,0,500,No business interruption
Confined to object of origin,0,0,0,No business interruption
Confined to part of room/area of origin,0,0,1000,No business interruption
Confined to object of origin,0,0,0,No business interruption
Confined to part of room/area of origin,0,0,3800,No business interruption
Confined to part of room/area of origin,0,0,10000,No business interruption
Confined to object of origin,0,0,200,No business interruption
Confined to part of room/area of origin,1,0,7000,No business interruption
Confined to object of origin,0,0,100,No business interruption
Confined to object of origin,0,0,0,No business interruption
Confined to object of origin,0,0,5000,No business interruption
Confined to part of room/area of origin,0,0,5000,May resume operations within a week
Confined to part of room/area of origin,2,0,15000,No business interruption
Confined to object of origin,0,0,0,No business interruption
Confined to object of origin,0,0,200,No business interruption
Confined to part of room/area of origin,0,0,15000,No business interruption
Confined to part of room/area of origin,0,0,20000,May resume operations within a week
Confined to object of origin,0,0,200,No business interruption
Confined to object of origin,0,0,0,No business interruption
Confined to object of origin,0,0,2000,No business interruption
Confined to object of origin,1,0,2000,No business interruption
Confined to part of room/area of origin,2,0,7000,No business interruption
Confined to object of origin,0,0,1000,No business interruption
Confined to part of room/area of origin,0,0,20000,No business interruption
Confined to part of room/area of origin,0,0,10000,No business interruption
Confined to roof/exterior structure,0,0,1500,No business interruption
Confined to object of origin,0,0,10,No business interruption
Confined to object of origin,0,0,3000,No business interruption
Confined to object of origin,0,0,1000,No business interruption
Confined to part of room/area of origin,0,0,100,No business interruption
"Spread beyond room of origin, same floor",0,0,150000,No business interruption
Confined to part of room/area of origin,0,0,50000,May resume operations within a week
Confined to object of origin,0,0,1000,May resume operations within a week
Spread to entire room of origin,1,1,50000,No business interruption
Confined to object of origin,0,0,2000,May resume operations within a week
Confined to object of origin,0,0,0,No business interruption
Confined to object of origin,0,0,50,No business interruption
Confined to object of origin,0,0,25,No business interruption
Confined to part of room/area of origin,0,0,300,No business interruption
Confined to object of origin,0,0,1000,May resume operations within a week
Confined to part of room/area of origin,0,0,4000,No business interruption
"Spread beyond building of origin, resulted in exposure fire(s)",0,0,25000,No business interruption
Multi unit bldg: spread beyond suite of origin but not to separated suite(s),0,0,20000,May resume operations within a week
Confined to object of origin,0,0,500,May resume operations within a week
Confined to object of origin,0,0,500,No business interruption
Confined to object of origin,0,0,1000,No business interruption
Confined to roof/exterior structure,0,0,200,No business interruption
Confined to object of origin,0,0,0,No business interruption
Confined to object of origin,0,0,50,No business interruption
Confined to object of origin,2,2,1,No business interruption
Confined to object of origin,0,0,5000,No business interruption
Confined to object of origin,0,0,10000,No business interruption
Confined to object of origin,0,0,250,No business interruption
Confined to object of origin,0,0,50000,May resume operations within a week
Confined to part of room/area of origin,0,0,25000,No business interruption
Confined to part of room/area of origin,0,0,50000,No business interruption
Confined to object of origin,0,0,1000,No business interruption
Confined to object of origin,0,0,0,No business interruption
Confined to object of origin,0,0,0,No business interruption
Confined to object of origin,0,0,1500,No business interruption
Confined to object of origin,0,0,200,No business interruption
Confined to object of origin,0,0,10000,No business interruption
Confined to part of room/area of origin,0,0,1000,No business interruption
Confined to object of origin,0,0,15,No business interruption
Confined to object of origin,0,0,0,No business interruption
Confined to part of room/area of origin,0,0,35000,May resume operations within a month
Confined to part of room/area of origin,0,0,40000,No business interruption
Confined to part of room/area of origin,0,0,5000,No business interruption
Undetermined,0,0,55000,No business interruption
Confined to part of room/area of origin,0,0,5000,No business interruption
Confined to part of room/area of origin,0,0,0,No business interruption
Confined to object of origin,0,0,2000,No business interruption
Confined to object of origin,0,0,2000,No business interruption
