Age,Medu,Mjob,Health,G2
18,higher education,at_home,3,6
19,secondary education,other,3,14
16,primary education (4th grade),other,5,7
15,primary education (4th grade),at_home,1,10
17,higher education,other,5,11
18,5th to 9th grade,at_home,3,8
15,higher education,teacher,3,9
15,secondary education,services,2,6
17,secondary education,services,5,15
19,higher education,health,2,9
18,higher education,health,5,9
16,higher education,teacher,5,6
15,higher education,services,5,16
15,5th to 9th grade,other,3,16
16,5th to 9th grade,at_home,5,13
16,secondary education,other,5,14
15,higher education,health,5,15
15,higher education,teacher,4,16
17,secondary education,at_home,1,10
15,5th to 9th grade,services,5,14
18,secondary education,services,5,15
16,secondary education,other,1,13
15,higher education,other,1,14
17,secondary education,other,2,10
16,higher education,teacher,3,8
17,secondary education,services,2,16
17,higher education,teacher,2,9
18,5th to 9th grade,other,2,7
15,secondary education,services,3,10
17,secondary education,services,5,5
17,higher education,services,3,12
15,higher education,teacher,1,11
16,5th to 9th grade,services,4,13
15,higher education,services,2,10
15,higher education,teacher,1,14
16,higher education,teacher,1,10
16,secondary education,other,2,5
18,higher education,teacher,5,5
15,secondary education,services,5,13
15,higher education,teacher,5,16
17,primary education (4th grade),at_home,3,9
15,higher education,other,3,13
16,secondary education,at_home,2,10
18,5th to 9th grade,at_home,4,10
16,higher education,teacher,5,12
18,5th to 9th grade,at_home,3,10
18,secondary education,services,3,11
16,5th to 9th grade,services,5,13
17,5th to 9th grade,other,5,13
17,none,at_home,2,15
15,secondary education,other,4,13
18,primary education (4th grade),at_home,3,10
16,secondary education,other,2,6
16,higher education,services,4,17
18,5th to 9th grade,at_home,4,9
18,primary education (4th grade),other,3,10
15,5th to 9th grade,other,5,10
16,5th to 9th grade,services,3,10
17,primary education (4th grade),other,5,7
18,5th to 9th grade,other,5,6
18,higher education,other,3,12
15,higher education,services,5,18
15,secondary education,services,5,6
16,secondary education,other,5,12
16,primary education (4th grade),at_home,3,7
17,higher education,health,3,15
17,secondary education,other,2,8
16,higher education,other,5,16
16,higher education,services,4,7
17,primary education (4th grade),at_home,1,14
17,higher education,teacher,4,12
15,secondary education,other,4,11
17,5th to 9th grade,other,3,9
19,higher education,teacher,4,9
15,primary education (4th grade),at_home,3,8
15,5th to 9th grade,services,4,15
17,higher education,health,3,13
16,5th to 9th grade,services,2,9
18,higher education,services,2,18
15,5th to 9th grade,health,4,9
15,5th to 9th grade,other,5,12
17,secondary education,health,5,12
18,5th to 9th grade,other,2,8
17,5th to 9th grade,at_home,5,6
15,5th to 9th grade,services,4,12
15,higher education,services,5,10
17,5th to 9th grade,services,3,11
15,5th to 9th grade,other,5,7
16,5th to 9th grade,other,5,13
17,higher education,other,1,6
15,higher education,other,2,13
16,secondary education,services,5,11
17,higher education,teacher,4,7
18,secondary education,teacher,1,9
15,higher education,health,1,16
16,5th to 9th grade,other,3,10
18,primary education (4th grade),other,4,9
17,5th to 9th grade,at_home,4,8
16,secondary education,other,5,10
18,5th to 9th grade,other,4,14
20,higher education,health,3,14
16,secondary education,services,5,7
16,higher education,health,2,14
16,higher education,teacher,5,6
19,5th to 9th grade,services,3,12
18,higher education,teacher,3,8
16,primary education (4th grade),other,5,0
17,secondary education,services,5,14
15,secondary education,other,2,10
16,higher education,teacher,1,12
16,higher education,health,2,16
16,higher education,health,2,19
16,secondary education,other,5,0
15,secondary education,at_home,5,0
18,5th to 9th grade,at_home,3,10
16,primary education (4th grade),services,5,8
17,5th to 9th grade,other,3,6
17,higher education,teacher,5,13
18,higher education,other,2,8
17,higher education,teacher,4,14
15,higher education,teacher,5,16
18,secondary education,services,1,15
18,secondary education,services,4,13
19,secondary education,other,3,8
17,primary education (4th grade),other,1,9
16,higher education,teacher,5,13
18,5th to 9th grade,services,5,7
18,5th to 9th grade,services,3,12
16,primary education (4th grade),services,3,12
15,higher education,other,5,8
17,secondary education,services,5,9
18,primary education (4th grade),other,3,11
16,higher education,teacher,5,15
17,primary education (4th grade),services,3,12
18,higher education,teacher,3,9
17,higher education,teacher,4,9
18,5th to 9th grade,other,4,13
16,higher education,teacher,5,15
15,secondary education,other,3,9
18,secondary education,services,4,0
18,5th to 9th grade,services,5,9
15,higher education,health,5,13
19,5th to 9th grade,other,3,11
18,higher education,other,5,12
17,5th to 9th grade,other,3,11
17,higher education,other,3,12
15,primary education (4th grade),other,4,10
16,higher education,teacher,4,18
15,higher education,other,3,10
15,higher education,teacher,5,9
18,primary education (4th grade),at_home,3,7
18,5th to 9th grade,services,5,12
18,secondary education,other,1,13
15,secondary education,services,5,12
19,primary education (4th grade),other,4,11
15,secondary education,services,1,18
18,primary education (4th grade),other,4,8
16,5th to 9th grade,at_home,2,7
20,5th to 9th grade,services,4,9
16,5th to 9th grade,other,4,7
18,higher education,teacher,4,15
18,secondary education,other,3,12
17,5th to 9th grade,at_home,3,7
16,5th to 9th grade,at_home,5,13
17,5th to 9th grade,other,4,13
19,higher education,services,1,11
17,5th to 9th grade,services,3,11
15,5th to 9th grade,services,4,13
19,none,at_home,5,8
16,primary education (4th grade),other,3,15
16,higher education,health,1,13
17,secondary education,health,3,7
17,higher education,teacher,4,11
16,5th to 9th grade,services,3,16
17,5th to 9th grade,other,3,8
17,secondary education,other,3,15
16,secondary education,other,4,10
17,higher education,other,2,10
16,higher education,other,3,9
18,primary education (4th grade),other,4,5
18,secondary education,other,5,9
18,primary education (4th grade),at_home,4,16
18,higher education,other,5,10
16,primary education (4th grade),services,5,12
15,secondary education,services,1,18
16,5th to 9th grade,services,2,12
15,higher education,services,5,9
15,higher education,health,5,14
18,higher education,teacher,2,9
15,primary education (4th grade),other,5,11
16,secondary education,other,4,11
18,higher education,other,3,5
15,secondary education,health,3,7
18,higher education,teacher,2,14
19,5th to 9th grade,at_home,2,12
17,secondary education,other,4,9
17,higher education,services,5,15
18,5th to 9th grade,other,3,0
18,secondary education,services,5,12
15,secondary education,other,1,13
17,5th to 9th grade,at_home,5,14
16,secondary education,services,5,18
19,secondary education,services,3,7
15,higher education,services,5,13
18,secondary education,services,5,8
18,secondary education,other,4,8
15,5th to 9th grade,at_home,1,8
17,5th to 9th grade,other,2,12
17,primary education (4th grade),other,4,10
19,primary education (4th grade),at_home,3,10
15,higher education,teacher,2,8
17,higher education,health,5,12
15,higher education,teacher,5,11
15,5th to 9th grade,services,5,9
16,secondary education,other,3,12
16,higher education,services,4,15
18,primary education (4th grade),at_home,5,12
18,primary education (4th grade),at_home,5,13
18,higher education,teacher,1,15
15,higher education,teacher,3,10
17,secondary education,other,1,15
18,higher education,teacher,2,13
16,higher education,teacher,3,9
19,secondary education,other,5,12
15,secondary education,other,3,16
18,secondary education,other,5,5
15,higher education,teacher,3,19
17,primary education (4th grade),other,5,8
16,secondary education,other,4,7
17,5th to 9th grade,services,5,17
18,5th to 9th grade,services,4,4
17,primary education (4th grade),at_home,5,8
16,secondary education,other,5,14
17,higher education,teacher,4,9
15,higher education,teacher,5,12
20,secondary education,services,5,18
16,5th to 9th grade,other,3,14
15,secondary education,services,5,0
15,5th to 9th grade,other,3,12
18,5th to 9th grade,at_home,4,9
15,higher education,teacher,5,15
17,primary education (4th grade),at_home,2,10
15,higher education,health,5,11
17,primary education (4th grade),other,3,11
16,higher education,health,4,15
16,primary education (4th grade),other,1,10
17,higher education,services,2,11
15,primary education (4th grade),other,5,10
16,5th to 9th grade,at_home,3,15
18,5th to 9th grade,services,1,8
15,higher education,teacher,5,15
18,higher education,teacher,5,11
18,5th to 9th grade,other,5,8
17,secondary education,at_home,5,0
16,secondary education,at_home,3,5
16,secondary education,services,3,13
18,higher education,health,4,10
15,higher education,services,3,7
17,secondary education,health,5,17
18,higher education,teacher,5,13
16,5th to 9th grade,services,5,10
17,higher education,health,4,15
18,5th to 9th grade,other,2,14
16,higher education,health,5,10
18,higher education,teacher,1,11
18,5th to 9th grade,other,3,0
15,higher education,services,1,17
16,none,other,5,15
19,primary education (4th grade),other,2,7
16,secondary education,at_home,2,9
16,5th to 9th grade,other,5,15
18,primary education (4th grade),at_home,3,12
18,secondary education,services,5,9
16,secondary education,teacher,3,9
18,5th to 9th grade,at_home,2,18
18,higher education,teacher,5,11
18,higher education,other,1,18
15,higher education,services,5,0
19,secondary education,services,1,10
17,5th to 9th grade,other,5,0
16,higher education,teacher,3,0
15,5th to 9th grade,services,5,9
16,higher education,health,5,11
