Age,Gender,Education,JoiningYear,PaymentTier
23,Male,Bachelors,2017,3
24,Male,Bachelors,2016,3
28,Male,Bachelors,2016,3
25,Male,Bachelors,2018,3
28,Male,Masters,2017,2
24,Female,Bachelors,2017,2
25,Male,Bachelors,2016,3
30,Female,Masters,2017,2
37,Male,Bachelors,2012,3
27,Male,PHD,2018,3
28,Male,Bachelors,2018,3
28,Female,Bachelors,2018,3
35,Female,Masters,2013,2
38,Female,Masters,2017,2
34,Male,Bachelors,2014,3
25,Male,Bachelors,2015,3
24,Male,Masters,2018,3
33,Male,Bachelors,2014,3
26,Male,Bachelors,2012,3
39,Male,Bachelors,2014,3
26,Male,Bachelors,2012,3
27,Female,Bachelors,2017,2
26,Male,Bachelors,2016,3
28,Male,Masters,2018,3
26,Male,Bachelors,2015,3
26,Male,Bachelors,2015,3
28,Female,Bachelors,2012,3
31,Male,Bachelors,2015,3
26,Male,Masters,2015,3
28,Female,Bachelors,2016,3
40,Female,Bachelors,2014,3
28,Male,Bachelors,2017,2
35,Male,Bachelors,2015,3
27,Female,Bachelors,2013,3
30,Male,Bachelors,2014,3
26,Male,Masters,2015,3
26,Female,Bachelors,2012,3
36,Male,Bachelors,2017,2
25,Male,Bachelors,2013,3
28,Male,Masters,2012,3
30,Male,Masters,2017,2
24,Male,Masters,2017,3
26,Male,Bachelors,2018,3
37,Female,Bachelors,2015,3
33,Male,Bachelors,2015,3
28,Female,Bachelors,2014,1
39,Male,Bachelors,2015,3
25,Male,Bachelors,2014,3
28,Male,Bachelors,2013,3
32,Female,Bachelors,2015,3
37,Male,Bachelors,2014,1
39,Male,Bachelors,2012,3
26,Female,Bachelors,2013,3
38,Female,Bachelors,2014,3
27,Male,Bachelors,2017,3
26,Female,Bachelors,2017,2
26,Female,Bachelors,2012,3
28,Female,Masters,2015,2
28,Male,Bachelors,2015,3
36,Male,Bachelors,2017,2
24,Female,Bachelors,2018,3
29,Female,Bachelors,2014,3
35,Male,Bachelors,2017,3
25,Male,Masters,2017,2
30,Male,Bachelors,2015,3
28,Male,Bachelors,2016,3
24,Female,Bachelors,2013,3
40,Female,PHD,2012,3
25,Female,Bachelors,2013,3
28,Female,Bachelors,2015,3
28,Female,Bachelors,2013,3
27,Male,Masters,2017,3
24,Female,Bachelors,2014,2
28,Female,PHD,2015,2
31,Female,Masters,2018,3
27,Male,Bachelors,2013,3
25,Female,Bachelors,2014,3
32,Female,Bachelors,2015,3
33,Male,Bachelors,2017,3
28,Female,Bachelors,2017,2
24,Male,Bachelors,2016,3
26,Male,Bachelors,2014,3
30,Female,Masters,2017,2
28,Male,Masters,2013,2
26,Male,Masters,2018,3
23,Female,Bachelors,2013,1
26,Male,Bachelors,2016,3
34,Female,Bachelors,2013,2
28,Female,Bachelors,2017,2
27,Female,Bachelors,2016,3
34,Male,Bachelors,2017,3
26,Female,Bachelors,2018,3
29,Male,Bachelors,2014,3
28,Male,Bachelors,2014,3
24,Female,Bachelors,2013,3
25,Male,Bachelors,2014,3
27,Male,Masters,2012,3
28,Male,Bachelors,2016,3
41,Female,Bachelors,2017,2
26,Female,Bachelors,2015,3
24,Male,Bachelors,2017,3
24,Female,Bachelors,2014,3
38,Female,Masters,2017,3
24,Female,Masters,2013,1
24,Male,Bachelors,2012,3
26,Male,Bachelors,2014,3
26,Female,Bachelors,2013,3
28,Male,Bachelors,2016,3
38,Female,Bachelors,2017,2
30,Male,Bachelors,2013,3
26,Male,Bachelors,2016,3
40,Male,Bachelors,2015,3
26,Female,Bachelors,2013,1
26,Male,PHD,2018,3
26,Female,Bachelors,2014,3
22,Male,Bachelors,2016,3
38,Male,Bachelors,2014,3
26,Female,Bachelors,2015,2
25,Male,Masters,2018,3
28,Female,Bachelors,2014,2
27,Male,Bachelors,2018,3
34,Female,PHD,2017,3
26,Female,Bachelors,2018,3
28,Female,Bachelors,2016,3
27,Female,Bachelors,2015,2
38,Male,Bachelors,2017,3
24,Male,Bachelors,2017,3
30,Female,Bachelors,2016,2
28,Male,Bachelors,2018,3
35,Male,Masters,2018,3
27,Female,Bachelors,2015,2
27,Male,Bachelors,2017,3
28,Male,Masters,2014,3
29,Female,Masters,2016,3
26,Male,PHD,2016,1
26,Female,Bachelors,2015,2
27,Female,Bachelors,2016,2
40,Female,Bachelors,2016,3
36,Male,Bachelors,2013,3
27,Male,Masters,2017,3
28,Female,Masters,2015,3
29,Female,Bachelors,2014,2
36,Female,Bachelors,2016,3
29,Male,Bachelors,2015,3
24,Male,Bachelors,2017,3
27,Male,Bachelors,2016,3
33,Female,Bachelors,2016,1
26,Male,Bachelors,2017,3
29,Female,Masters,2015,2
40,Male,Bachelors,2017,3
27,Male,Bachelors,2014,3
28,Female,Bachelors,2018,2
28,Female,Bachelors,2017,3
28,Female,Bachelors,2015,1
30,Male,Bachelors,2013,3
31,Male,Bachelors,2014,2
25,Female,Bachelors,2014,3
29,Female,Bachelors,2016,1
32,Male,Bachelors,2018,3
37,Male,Bachelors,2014,3
27,Male,Masters,2012,3
26,Male,Masters,2017,2
27,Female,Bachelors,2012,3
36,Female,Masters,2017,3
30,Male,Bachelors,2014,3
29,Male,Bachelors,2016,3
27,Male,Bachelors,2012,3
25,Male,Bachelors,2018,3
30,Male,Bachelors,2013,3
27,Male,Bachelors,2014,3
38,Male,Bachelors,2017,3
25,Female,Bachelors,2014,3
29,Male,Bachelors,2016,3
34,Female,Bachelors,2017,2
38,Male,Bachelors,2016,3
27,Male,PHD,2013,3
26,Female,Bachelors,2014,2
26,Male,Bachelors,2017,3
32,Male,Masters,2016,3
28,Male,Bachelors,2014,3
27,Male,Masters,2017,2
26,Female,Masters,2017,2
26,Male,Masters,2015,3
34,Male,Masters,2017,2
27,Male,Masters,2018,3
35,Female,Bachelors,2012,2
30,Male,Masters,2017,2
28,Male,Bachelors,2014,3
26,Male,Bachelors,2013,3
29,Female,Bachelors,2014,3
38,Male,Bachelors,2016,3
25,Male,Bachelors,2016,3
28,Male,Bachelors,2014,3
25,Male,Bachelors,2016,3
24,Male,Bachelors,2014,3
33,Male,Masters,2017,2
26,Male,Bachelors,2013,3
27,Male,PHD,2016,3
27,Male,PHD,2017,3
30,Male,PHD,2013,3
28,Female,Bachelors,2014,3
27,Female,Bachelors,2017,3
26,Female,Bachelors,2013,3
26,Male,Bachelors,2014,3
29,Male,Bachelors,2017,3
26,Female,Bachelors,2013,2
27,Female,Bachelors,2015,2
24,Female,Bachelors,2018,2
40,Male,PHD,2013,3
41,Male,Bachelors,2015,3
27,Male,Bachelors,2018,3
38,Male,Bachelors,2015,3
26,Male,Bachelors,2014,3
40,Female,Bachelors,2014,1
26,Female,Masters,2012,3
25,Male,Bachelors,2012,3
25,Female,Bachelors,2014,3
28,Male,Bachelors,2015,3
26,Male,Bachelors,2018,3
24,Male,Bachelors,2016,3
26,Male,Masters,2017,3
26,Male,Masters,2015,3
26,Male,Bachelors,2017,3
27,Male,Bachelors,2014,3
28,Male,Masters,2014,3
34,Male,PHD,2018,3
36,Female,Bachelors,2015,1
26,Male,Bachelors,2013,3
40,Male,Bachelors,2015,3
28,Male,Bachelors,2012,3
39,Male,Masters,2018,3
37,Male,Bachelors,2012,3
33,Male,Bachelors,2016,3
27,Female,Bachelors,2015,2
26,Female,Masters,2017,3
25,Female,Bachelors,2012,3
27,Male,Bachelors,2017,3
40,Male,Bachelors,2016,3
24,Male,Bachelors,2018,3
24,Female,Bachelors,2016,3
27,Female,Masters,2015,3
28,Female,Bachelors,2015,3
38,Female,Masters,2017,2
27,Female,Bachelors,2017,3
25,Male,Bachelors,2014,1
35,Female,Bachelors,2018,2
27,Female,Bachelors,2015,2
31,Male,Bachelors,2018,3
25,Male,Bachelors,2016,3
26,Male,Bachelors,2017,3
25,Female,Bachelors,2018,3
31,Female,Masters,2017,2
28,Male,Bachelors,2014,3
26,Male,Bachelors,2014,3
26,Male,Bachelors,2018,3
37,Male,Masters,2013,2
37,Male,Bachelors,2014,3
25,Female,Bachelors,2015,2
37,Male,Bachelors,2012,3
31,Male,Bachelors,2015,3
28,Male,Bachelors,2013,3
33,Male,Bachelors,2014,3
30,Male,Bachelors,2017,3
26,Female,Bachelors,2015,3
36,Female,PHD,2013,1
27,Male,Bachelors,2013,3
26,Female,Bachelors,2017,3
29,Male,Bachelors,2013,3
26,Male,Bachelors,2014,3
38,Male,Bachelors,2012,3
28,Male,Bachelors,2013,3
27,Male,Bachelors,2013,3
27,Female,Bachelors,2012,1
28,Female,Bachelors,2013,2
25,Male,Bachelors,2013,3
28,Male,PHD,2017,3
28,Male,Bachelors,2015,3
27,Male,Bachelors,2017,3
28,Male,Bachelors,2014,3
35,Female,Bachelors,2018,3
25,Male,Masters,2015,3
34,Male,Bachelors,2015,3
33,Male,Bachelors,2016,3
26,Female,Bachelors,2018,3
27,Female,Masters,2013,2
41,Female,Masters,2013,3
25,Female,Bachelors,2014,3
34,Male,PHD,2017,3
27,Male,Masters,2017,2
26,Female,Bachelors,2015,1
33,Male,Bachelors,2016,3
39,Female,Bachelors,2015,3
26,Female,Masters,2012,3
31,Male,Bachelors,2013,3
26,Male,Bachelors,2015,3
41,Male,Bachelors,2014,3
26,Female,Bachelors,2014,3
27,Male,Bachelors,2013,3
32,Male,Bachelors,2014,3
29,Male,Bachelors,2012,3
