﻿Artist_names,Peak_rank,Weeks_on_chart,Duration,Mode
"Eminem, Juice WRLD",4,76,210.8,0
SZA,19,7,174.0,0
"Elton John, Dua Lipa, PNAU",4,32,202.735,1
Kendrick Lamar,3,3,195.95,1
Harry Styles,15,2,191.638,1
"Camila Cabello, Ed Sheeran",13,3,206.071,1
Metallica,20,6,515.387,0
Shawn Mendes,5,72,199.44,0
Elley Duhé,14,13,184.448,0
"Charlie Puth, Jung Kook, BTS",7,7,154.487,1
Olivia Rodrigo,7,44,229.227,1
Harry Styles,5,12,245.964,1
BTS,2,44,164.442,1
"benny blanco, BTS, Snoop Dogg",15,1,172.714,1
Shawn Mendes,21,9,172.267,1
Adele,3,18,225.149,1
Kendrick Lamar,17,3,202.285,0
Bad Bunny,7,14,230.4,1
KAROL G,6,16,210.2,1
Travis Scott,13,226,243.837,1
"Daddy Yankee, Bad Bunny",18,20,192.477,1
"The Weeknd, Ariana Grande",5,48,191.014,1
The Weeknd,1,121,200.04,1
"Tainy, Bad Bunny, Julieta Venegas",12,25,207.301,0
Olivia Rodrigo,12,44,175.933,1
Central Cee,15,3,97.393,1
"The Weeknd, Ariana Grande",5,39,191.014,1
Dove Cameron,11,6,153.0,0
Jung Kook,10,1,210.928,0
"Bad Bunny, Chencho Corleone",2,14,178.567,0
BTS,7,8,193.594,1
Bad Bunny,14,14,180.93,1
XXXTENTACION,7,216,119.133,0
"The Chainsmokers, Coldplay",2,172,247.16,0
"Bruno Mars, Anderson .Paak, Silk Sonic",5,55,242.096,1
Bad Bunny,10,14,176.936,0
"The Weeknd, Gesaffelstein",17,10,241.067,1
"Drake, Travis Scott",3,19,291.175,1
"Kendrick Lamar, Sampha",14,2,222.497,0
"Bad Bunny, Tony Dize",17,14,198.367,0
Kanye West,16,19,226.653,1
"CKay, Dj Yo!, AX'EL",14,27,188.369,1
"Bad Bunny, Rauw Alejandro",6,14,227.629,1
"Post Malone, Roddy Ricch",18,13,185.857,1
"Bad Bunny, Bomba Estéreo",3,14,258.299,0
Olivia Rodrigo,3,51,215.507,1
Juice WRLD,3,194,239.836,0
BTS,11,1,204.94,1
Kate Bush,1,11,298.933,0
Rauw Alejandro,2,44,199.604,0
Queen,11,182,354.32,0
Conan Gray,12,87,198.04,1
BTS,2,83,199.054,0
"Shawn Mendes, Camila Cabello",1,138,190.8,0
"Rauw Alejandro, Chencho Corleone",8,15,224.997,0
Bad Bunny,15,14,173.119,1
Olivia Rodrigo,11,31,152.667,1
"Drake, 21 Savage, Project Pat",10,29,242.966,0
Lizzo,9,15,191.938,0
Bad Bunny,20,4,148.143,0
Harry Styles,13,2,243.508,0
"J Balvin, Maria Becerra",9,34,217.36,1
Harry Styles,1,19,167.303,0
Maroon 5,2,116,189.486,1
"The Kid LAROI, Justin Bieber",1,37,141.806,1
"DJ Khaled, Drake, Lil Baby",21,1,178.176,0
"BTS, Halsey",3,46,229.773,0
"Aventura, Bad Bunny",10,34,230.125,1
Bad Bunny,7,14,213.061,0
GAYLE,1,19,168.602,1
"Bad Bunny, Daddy Yankee",14,23,206.42,1
Dua Lipa,2,125,183.29,0
"Bizarrap, Residente",18,3,519.289,0
Harry Styles,2,12,177.955,1
Bad Bunny,2,14,245.94,0
"Drake, WizKid, Kyla",12,120,173.987,1
"Doja Cat, The Weeknd",15,39,186.173,1
Doja Cat,9,45,226.987,1
The Weeknd,2,68,215.627,1
ROSALÍA,6,2,157.018,1
"Gesaffelstein, The Weeknd",12,21,202.093,1
"Doja Cat, SZA",3,50,208.667,1
"Gunna, Future, Young Thug",14,11,136.267,0
Olivia Rodrigo,1,63,242.013,1
Glass Animals,1,65,238.805,1
Cris Mj,16,4,153.75,0
Drake,17,5,243.228,1
Tiësto,9,64,164.0,0
Måneskin,8,35,173.347,1
Billie Eilish,6,34,298.899,1
Ed Sheeran,1,269,233.713,0
"Calvin Harris, Dua Lipa",2,83,214.847,0
The Weeknd,7,21,220.196,1
"Drake, Future, Young Thug",5,20,257.605,0
Harry Styles,6,104,207.133,1
Nicki Minaj,16,1,170.977,1
"Imagine Dragons, JID, Arcane, League of Legends",3,21,173.381,0
"Riton, Nightcrawlers, Mufasa & Hypeman, Dopamine",15,48,169.153,1
"ACRAZE, Cherish",9,21,157.89,0
"Lady Gaga, Bradley Cooper",3,171,215.733,1
Olivia Rodrigo,1,45,178.147,1
Beyoncé,12,8,278.282,0
Drake,18,8,336.924,0
"The Weeknd, Daft Punk",1,97,230.453,1
Måneskin,1,42,211.56,0
Anitta,3,3,193.806,0
The Kid LAROI,18,6,164.782,1
Justin Bieber,11,27,153.19,1
"Lost Frequencies, Calum Scott",18,29,148.197,0
Giveon,8,47,198.371,1
James Arthur,7,268,211.467,1
The Weeknd,1,42,228.373,1
"Bad Bunny, Buscabulla",21,14,339.612,0
Adele,1,23,224.695,1
"Bad Bunny, Jhay Cortez",1,73,205.09,0
Harry Styles,16,2,187.342,0
"Bad Bunny, Tainy",7,67,250.534,1
"Post Malone, Swae Lee",1,179,157.56,1
OneRepublic,13,10,148.486,1
"Post Malone, Doja Cat",10,10,192.841,1
Manuel Turizo,13,6,162.638,0
"Mahmood, BLANCO",9,2,199.146,1
"Bad Bunny, Jhay Cortez",9,14,237.895,0
Jaymes Young,11,21,237.72,0
Oliver Tree,15,20,161.803,1
Charlie Puth,19,9,185.681,1
Steve Lacy,10,5,232.067,1
Bad Bunny,11,14,230.704,1
Harry Styles,19,2,140.242,1
"The Chainsmokers, Halsey",2,179,244.96,1
"Shakira, Rauw Alejandro",13,16,172.235,1
"Swedish House Mafia, The Weeknd",7,22,234.0,1
"Bizarrap, Quevedo",1,5,198.938,1
CKay,9,28,145.8,1
Lil Nas X,1,52,137.704,0
Harry Styles,11,2,191.959,1
The Weeknd,14,2,214.215,0
"Mora, Bad Bunny, Sech",19,37,273.474,1
Joji,1,9,233.456,1
"Post Malone, The Weeknd",9,20,193.507,1
Doja Cat,6,37,172.627,0
"Kendrick Lamar, Kodak Black",21,3,220.779,0
The Weeknd,11,2,199.111,0
Jack Harlow,2,18,173.948,0
Harry Styles,6,12,193.813,1
Lil Nas X,3,27,143.901,0
Kendrick Lamar,1,96,177.0,0
Bad Bunny,3,42,206.71,1
"PSY, SUGA",21,5,174.647,1
LISA,5,28,168.228,0
The Weeknd,3,11,188.918,0
Taylor Swift,1,19,613.027,1
Bad Bunny,19,14,208.615,1
"Future, Drake, Tems",10,15,189.893,1
Farruko,4,37,287.12,1
Kendrick Lamar,20,1,203.367,0
Tones And I,1,140,209.438,0
Masked Wolf,3,53,132.78,0
"Dua Lipa, DaBaby",4,77,203.064,0
Harry Styles,4,123,174.0,1
"Justin Bieber, Daniel Caesar, Giveon",1,53,198.082,1
Kendrick Lamar,11,3,255.378,1
Ed Sheeran,4,28,207.853,1
"Bizarrap, Paulo Londra",19,1,258.542,1
"Carolina Gaitán - La Gaita, Mauro Castillo, Adassa, Rhenzy Feliz, Diane Guerrero, Stephanie Beatriz, Encanto - Cast",8,13,216.12,0
Tate McRae,13,78,169.266,1
"Bruno Mars, Anderson .Paak, Silk Sonic",8,11,197.443,1
Lewis Capaldi,4,168,182.161,1
Drake,10,1,266.179,1
"Coldplay, BTS",3,26,226.198,0
Avicii,13,68,247.427,1
"Drake, 21 Savage",7,8,218.365,1
The Weeknd,13,2,212.166,0
Imagine Dragons,16,268,204.347,0
Doja Cat,6,41,210.56,1
"J Balvin, Bad Bunny",17,64,242.573,1
Nirvana,19,3,232.204,1
"24kGoldn, iann dior",1,85,140.533,0
Olivia Rodrigo,17,29,173.16,0
Bad Bunny,4,14,243.717,0
Harry Styles,10,2,164.533,1
Harry Styles,14,2,218.577,1
Lewis Capaldi,19,122,215.107,1
"Nio Garcia, J Balvin, Bad Bunny",14,30,261.335,0
The Walters,21,24,160.24,1
Ariana Grande,1,74,172.325,1
"Megan Thee Stallion, Dua Lipa",17,2,201.334,1
Post Malone,1,134,215.28,1
Ed Sheeran,4,262,263.4,1
Polo G,3,40,165.926,1
Taylor Swift,11,7,261.923,1
Harry Styles,14,39,340.707,1
"Kendrick Lamar, Blxst, Amanda Reifer",8,3,239.027,0
"Becky G, KAROL G",5,6,226.088,0
"Ed Sheeran, Taylor Swift",20,1,185.422,1
Ed Sheeran,3,39,230.747,0
Lauren Spencer Smith,17,11,175.345,1
BTS,5,26,187.585,1
"Lil Nas X, Jack Harlow",2,35,212.353,0
The Weeknd,10,2,214.194,0
