Age,Gender,Class,Departure Delay in Minutes,Departure/Arrival time convenient
40,Female,Eco,0,5
22,Female,Business,0,4
45,Female,Business,43,3
25,Male,Eco,0,5
57,Male,Business,0,2
43,Female,Eco,35,4
26,Male,Business,0,3
59,Female,Business,0,3
41,Female,Business,0,5
56,Male,Eco Plus,9,2
23,Male,Business,3,3
59,Female,Eco,14,4
29,Female,Business,0,2
68,Female,Eco,0,2
35,Male,Eco,72,4
23,Male,Eco,0,5
42,Female,Eco,0,1
64,Male,Eco,6,2
10,Female,Eco,5,1
56,Male,Eco,0,4
40,Male,Business,0,2
45,Female,Business,38,1
60,Female,Eco,0,4
53,Male,Eco,0,2
55,Female,Eco,0,5
43,Female,Business,2,5
26,Male,Business,27,1
42,Female,Business,0,3
33,Female,Business,0,4
51,Male,Eco,6,4
55,Male,Business,5,3
38,Male,Business,0,2
39,Male,Business,2,5
39,Female,Eco,0,2
40,Male,Business,118,5
38,Female,Business,0,1
35,Female,Business,154,4
66,Male,Eco,149,5
39,Female,Eco,0,5
25,Male,Eco,0,3
26,Male,Eco,2,4
55,Female,Eco,0,4
44,Female,Business,0,4
42,Male,Eco,0,3
29,Female,Business,12,2
41,Female,Eco,0,5
58,Female,Eco,2,4
53,Female,Eco,0,4
25,Female,Business,0,3
36,Male,Business,53,2
21,Female,Eco,43,4
37,Male,Eco,0,5
13,Male,Eco,35,3
58,Female,Business,5,4
66,Female,Eco,44,3
45,Female,Business,0,1
13,Female,Eco,0,5
66,Male,Eco,0,2
19,Female,Eco,87,2
49,Male,Eco,229,3
66,Male,Business,15,4
34,Female,Eco Plus,0,1
42,Female,Business,0,5
24,Male,Eco,65,5
70,Female,Eco,0,1
37,Female,Business,0,3
24,Female,Eco,0,2
7,Female,Eco,2,1
48,Male,Business,23,3
21,Male,Eco,0,5
61,Female,Business,19,2
47,Female,Eco,0,5
36,Female,Business,60,2
22,Female,Business,0,1
62,Male,Eco,0,3
28,Male,Eco,0,1
30,Male,Eco,0,4
27,Male,Eco,0,5
34,Female,Business,0,5
29,Male,Business,131,2
19,Male,Eco,0,5
32,Male,Eco,0,4
24,Male,Eco,13,1
12,Female,Eco,26,4
13,Male,Eco,22,5
15,Female,Eco,50,2
39,Male,Eco,0,5
45,Female,Eco,7,2
24,Male,Eco,0,2
14,Female,Eco,0,5
57,Female,Business,25,5
64,Female,Business,0,1
24,Male,Eco Plus,0,5
57,Female,Business,11,2
61,Male,Eco,0,5
53,Female,Business,10,2
51,Female,Eco,0,4
21,Male,Eco,0,3
25,Female,Eco,2,2
68,Female,Business,25,4
42,Female,Eco Plus,0,5
38,Male,Eco,0,1
29,Male,Eco,54,4
42,Male,Eco,0,5
53,Female,Business,0,2
35,Male,Business,4,4
46,Female,Business,0,3
22,Female,Eco Plus,0,1
42,Female,Eco,0,4
52,Male,Eco Plus,0,3
40,Female,Business,0,1
15,Female,Eco,0,4
25,Female,Eco,0,3
62,Female,Eco,118,4
39,Male,Eco,0,5
26,Male,Eco,0,5
56,Female,Eco,0,1
58,Female,Business,0,2
24,Female,Eco,0,2
27,Male,Business,0,4
28,Female,Business,0,1
8,Female,Eco Plus,0,5
48,Female,Eco,0,3
31,Female,Eco,0,4
46,Male,Eco Plus,20,1
24,Male,Eco,0,5
39,Male,Business,0,3
38,Female,Business,0,3
7,Female,Eco,0,4
69,Female,Eco,15,3
64,Male,Eco,0,2
52,Female,Business,0,3
41,Female,Business,7,2
35,Female,Business,5,5
39,Male,Business,0,4
36,Female,Business,0,2
22,Female,Eco,20,2
38,Male,Business,19,3
66,Male,Business,0,5
36,Male,Eco,0,2
19,Male,Eco,0,4
24,Male,Eco,0,2
37,Male,Eco,0,1
20,Male,Business,0,3
67,Male,Eco,1,4
46,Male,Eco Plus,0,4
22,Male,Eco,0,4
15,Male,Eco,13,2
62,Male,Business,1,4
37,Female,Business,0,5
54,Male,Eco,0,5
36,Male,Eco,0,5
32,Female,Eco,0,2
39,Male,Eco,30,4
33,Female,Business,88,3
25,Female,Business,20,2
64,Female,Eco Plus,129,4
27,Female,Eco,8,1
12,Male,Eco,193,4
52,Female,Business,0,3
8,Female,Eco,0,2
14,Female,Eco,116,4
45,Male,Eco,0,4
23,Male,Eco,37,4
37,Male,Eco,0,3
37,Female,Eco,0,2
60,Female,Eco Plus,31,2
68,Female,Eco,0,2
57,Female,Eco,30,4
59,Female,Business,0,5
26,Female,Eco,0,2
32,Male,Business,7,1
61,Male,Eco,165,5
32,Male,Eco,0,1
69,Female,Business,0,1
54,Male,Eco,0,4
57,Female,Business,0,2
62,Female,Eco,0,4
24,Female,Eco,4,4
53,Female,Business,43,3
42,Male,Eco,7,2
45,Female,Business,25,2
49,Female,Eco,44,4
46,Male,Eco,1,3
26,Female,Eco,10,4
62,Female,Eco,0,3
49,Female,Business,1,5
46,Male,Business,4,4
44,Male,Eco,0,5
45,Male,Business,18,3
36,Male,Eco,36,1
37,Male,Business,0,4
42,Female,Business,0,2
45,Male,Business,0,4
33,Male,Business,11,5
42,Female,Business,6,3
50,Female,Eco,0,2
44,Female,Business,6,5
8,Female,Eco,0,4
35,Male,Business,178,2
39,Female,Eco,652,3
29,Female,Eco,0,3
10,Male,Business,0,4
35,Male,Eco,0,2
57,Male,Business,6,1
26,Female,Business,0,4
47,Female,Business,0,3
65,Male,Business,0,1
32,Female,Eco,0,4
19,Female,Eco,15,4
21,Female,Eco,0,1
8,Male,Eco Plus,0,3
40,Female,Business,64,5
40,Male,Business,0,5
79,Female,Business,0,3
70,Male,Eco,0,2
50,Male,Eco,1,5
49,Male,Business,2,1
37,Male,Eco Plus,0,1
48,Male,Eco Plus,12,1
35,Male,Eco,0,4
59,Male,Business,3,3
14,Female,Eco,0,4
47,Male,Eco,96,2
22,Female,Eco,0,2
54,Male,Eco,27,4
32,Female,Eco,0,5
25,Female,Eco,0,2
40,Male,Eco,74,1
23,Female,Eco,0,2
37,Female,Business,7,5
20,Male,Eco,0,3
30,Female,Eco,0,4
54,Female,Business,0,3
40,Female,Eco,111,4
27,Female,Business,52,5
33,Male,Business,21,5
20,Male,Eco,0,3
58,Male,Business,0,3
40,Male,Business,38,5
39,Female,Eco,8,2
27,Male,Business,0,2
60,Male,Business,36,2
64,Male,Business,77,1
52,Female,Eco,271,5
24,Male,Eco,1,5
25,Female,Business,50,2
28,Male,Eco,42,4
26,Female,Eco,0,5
25,Male,Eco,0,3
30,Male,Business,1,5
58,Female,Business,24,4
61,Female,Eco,6,3
46,Male,Business,11,4
40,Male,Eco,0,2
50,Female,Business,25,2
55,Female,Business,0,4
36,Male,Eco,81,5
14,Male,Eco,18,5
35,Male,Eco,41,5
62,Male,Eco,14,2
31,Male,Business,12,3
41,Female,Business,16,3
58,Female,Eco Plus,61,4
38,Female,Eco,2,5
50,Female,Business,6,1
40,Female,Business,34,4
37,Male,Business,41,1
22,Male,Eco,0,1
37,Male,Eco,0,1
8,Female,Eco Plus,1,3
50,Male,Eco,5,4
38,Male,Business,0,4
55,Male,Eco,8,1
28,Male,Eco,2,2
54,Female,Eco,0,4
10,Male,Eco,0,1
24,Female,Eco,0,4
26,Male,Eco,3,4
39,Male,Eco Plus,0,1
30,Female,Eco,5,5
20,Female,Eco,0,5
35,Female,Business,96,5
61,Male,Eco,0,3
25,Female,Business,0,2
43,Male,Business,0,5
40,Female,Business,55,4
19,Male,Eco,8,1
43,Female,Eco,0,3
30,Male,Business,0,4
17,Male,Eco,0,4
36,Male,Business,6,4
47,Female,Business,0,2
52,Female,Business,0,1
49,Female,Business,0,2
14,Female,Eco,0,4
39,Male,Business,0,1
27,Male,Business,9,5
58,Male,Business,9,1
70,Female,Eco Plus,0,4
