Age,Department,Education,Length_of_service,Previous_year_rating
33,HR,Bachelor's,4,5
35,Technology,Bachelor's,8,5
30,Analytics,Bachelor's,5,3
30,Sales & Marketing,Bachelor's,4,1
31,Operations,Bachelor's,5,3
43,Sales & Marketing,Bachelor's,2,3
33,Procurement,Bachelor's,6,5
35,Technology,Master's & above,10,2
44,Sales & Marketing,Master's & above,3,1
33,Operations,Bachelor's,3,2
30,Technology,Bachelor's,9,4
41,Procurement,Bachelor's,7,2
37,Procurement,Master's & above,10,3
24,Procurement,Bachelor's,2,3
30,Analytics,Bachelor's,3,3
24,Technology,Bachelor's,2,4
29,Operations,Bachelor's,2,3
37,Sales & Marketing,Master's & above,9,5
29,HR,Bachelor's,2,3
48,Operations,Master's & above,9,4
54,Sales & Marketing,Bachelor's,4,4
40,Sales & Marketing,Master's & above,10,5
26,Legal,Bachelor's,2,5
47,Sales & Marketing,Bachelor's,4,1
32,Operations,Bachelor's,8,3
25,Operations,Bachelor's,2,3
33,Analytics,Master's & above,2,3
34,HR,Bachelor's,7,4
27,Analytics,Bachelor's,2,4
32,Operations,Bachelor's,7,3
38,Sales & Marketing,Master's & above,3,3
37,Sales & Marketing,Master's & above,10,1
41,Operations,Master's & above,4,5
35,Sales & Marketing,Master's & above,7,5
30,Sales & Marketing,Bachelor's,7,3
37,Procurement,Master's & above,2,3
41,Technology,Master's & above,9,3
28,Operations,Bachelor's,6,2
45,Sales & Marketing,Master's & above,7,3
36,Sales & Marketing,Master's & above,7,5
35,Operations,Master's & above,7,3
41,Sales & Marketing,Master's & above,10,2
36,Sales & Marketing,Bachelor's,6,4
37,Procurement,Bachelor's,10,1
29,Analytics,Bachelor's,2,4
32,Operations,Bachelor's,2,4
33,Sales & Marketing,Bachelor's,3,2
39,Operations,Bachelor's,3,5
38,Sales & Marketing,Bachelor's,5,1
36,R&D,Master's & above,7,3
30,Operations,Bachelor's,3,2
31,Finance,Bachelor's,5,5
30,Analytics,Bachelor's,7,5
28,Operations,Bachelor's,3,5
28,Operations,Bachelor's,5,3
29,Procurement,Bachelor's,2,2
38,Sales & Marketing,Bachelor's,10,3
30,R&D,Bachelor's,2,5
33,Operations,Master's & above,5,4
29,Procurement,Bachelor's,6,3
36,Operations,Master's & above,3,3
37,Procurement,Master's & above,8,3
34,Sales & Marketing,Master's & above,8,3
30,Sales & Marketing,Bachelor's,3,1
39,Procurement,Master's & above,8,4
40,Operations,Bachelor's,7,4
30,Technology,Bachelor's,2,5
32,Procurement,Master's & above,4,5
37,Technology,Bachelor's,3,2
57,Procurement,Master's & above,7,4
41,Technology,Bachelor's,10,3
40,Analytics,Bachelor's,6,3
35,Analytics,Bachelor's,3,4
34,Technology,Bachelor's,7,4
24,Sales & Marketing,Bachelor's,2,3
42,Sales & Marketing,Bachelor's,5,2
27,Sales & Marketing,Bachelor's,3,3
36,Sales & Marketing,Master's & above,3,3
38,Operations,Bachelor's,9,3
38,Technology,Master's & above,3,3
34,Procurement,Bachelor's,5,2
30,Analytics,Bachelor's,4,3
40,Technology,Bachelor's,6,2
31,Technology,Bachelor's,2,3
32,R&D,Master's & above,7,5
37,Analytics,Master's & above,8,5
33,Operations,Master's & above,9,3
31,Procurement,Master's & above,5,4
36,Sales & Marketing,Master's & above,9,3
41,Operations,Bachelor's,6,3
31,Sales & Marketing,Bachelor's,7,4
37,Technology,Master's & above,5,4
31,HR,Bachelor's,6,1
33,Operations,Bachelor's,8,5
35,Technology,Master's & above,9,5
32,Operations,Bachelor's,8,3
29,Sales & Marketing,Master's & above,5,3
32,Procurement,Bachelor's,5,2
29,Technology,Bachelor's,3,3
60,Operations,Bachelor's,7,5
30,Operations,Bachelor's,4,2
36,Procurement,Bachelor's,5,5
37,Operations,Master's & above,10,4
43,Procurement,Bachelor's,6,3
25,Analytics,Bachelor's,2,4
36,R&D,Master's & above,2,3
39,Sales & Marketing,Master's & above,8,5
30,Operations,Bachelor's,5,4
29,Sales & Marketing,Bachelor's,3,2
42,Operations,Master's & above,8,4
34,Sales & Marketing,Bachelor's,10,1
32,Operations,Bachelor's,8,4
35,Legal,Master's & above,4,3
35,Procurement,Master's & above,9,1
33,Sales & Marketing,Bachelor's,6,1
51,Procurement,Bachelor's,6,3
30,Sales & Marketing,Bachelor's,6,5
42,Operations,Master's & above,7,3
41,Technology,Master's & above,10,3
32,Technology,Bachelor's,3,3
34,Technology,Master's & above,7,3
46,Sales & Marketing,Master's & above,4,1
28,Sales & Marketing,Bachelor's,2,5
30,Operations,Bachelor's,6,2
32,Sales & Marketing,Bachelor's,8,3
40,Technology,Master's & above,4,1
30,Sales & Marketing,Master's & above,6,1
34,Operations,Master's & above,10,3
30,Operations,Bachelor's,3,4
34,Sales & Marketing,Bachelor's,6,1
29,Procurement,Bachelor's,5,3
36,Sales & Marketing,Master's & above,8,3
35,Operations,Bachelor's,8,3
48,Sales & Marketing,Bachelor's,4,2
26,Technology,Bachelor's,3,3
47,Operations,Bachelor's,5,4
27,Operations,Bachelor's,4,3
30,Operations,Bachelor's,5,3
33,Procurement,Bachelor's,4,2
54,Sales & Marketing,Master's & above,4,1
52,Operations,Master's & above,2,4
36,Operations,Bachelor's,3,3
49,Operations,Master's & above,7,1
32,Sales & Marketing,Bachelor's,8,3
32,Technology,Master's & above,8,3
38,Sales & Marketing,Master's & above,3,2
34,Sales & Marketing,Bachelor's,5,3
34,Operations,Bachelor's,6,4
29,Analytics,Bachelor's,2,5
37,Procurement,Master's & above,8,2
42,Sales & Marketing,Master's & above,4,4
34,Operations,Master's & above,8,3
38,Procurement,Bachelor's,8,3
41,Technology,Bachelor's,7,4
31,Technology,Bachelor's,6,3
26,Operations,Bachelor's,4,5
25,Procurement,Below Secondary,4,3
50,Operations,Master's & above,7,3
29,Operations,Bachelor's,3,5
33,Procurement,Bachelor's,6,4
37,Operations,Bachelor's,2,5
37,Operations,Master's & above,8,4
47,Procurement,Master's & above,4,3
36,Technology,Master's & above,9,3
49,Technology,Bachelor's,7,3
41,Procurement,Master's & above,2,3
38,Sales & Marketing,Bachelor's,4,5
28,Finance,Bachelor's,2,4
28,Procurement,Bachelor's,2,3
36,Procurement,Master's & above,8,5
28,Procurement,Bachelor's,3,1
29,Procurement,Bachelor's,1,1
42,HR,Master's & above,5,5
35,Technology,Master's & above,5,2
35,Sales & Marketing,Bachelor's,5,4
33,Procurement,Bachelor's,10,1
34,Sales & Marketing,Bachelor's,2,3
55,Procurement,Master's & above,5,3
33,Sales & Marketing,Bachelor's,7,3
45,Operations,Bachelor's,4,4
29,Analytics,Bachelor's,5,3
32,Technology,Master's & above,9,3
37,Technology,Bachelor's,9,4
39,Procurement,Bachelor's,2,2
38,Procurement,Master's & above,7,2
38,Operations,Bachelor's,9,3
28,Finance,Bachelor's,5,5
27,Finance,Bachelor's,4,4
28,R&D,Master's & above,4,3
35,Procurement,Master's & above,7,3
40,Procurement,Master's & above,10,4
30,Technology,Bachelor's,5,3
35,Technology,Bachelor's,7,1
33,Sales & Marketing,Bachelor's,2,1
29,Legal,Bachelor's,3,4
34,Procurement,Bachelor's,3,3
30,HR,Bachelor's,5,1
29,Procurement,Bachelor's,6,1
35,Operations,Master's & above,7,3
35,Operations,Master's & above,7,5
31,Operations,Bachelor's,6,3
26,Sales & Marketing,Bachelor's,3,5
30,Sales & Marketing,Master's & above,4,3
39,Analytics,Bachelor's,2,1
26,Sales & Marketing,Bachelor's,3,4
29,Operations,Bachelor's,5,3
25,HR,Bachelor's,2,5
29,Sales & Marketing,Bachelor's,4,3
32,Technology,Bachelor's,7,5
37,Sales & Marketing,Master's & above,4,5
31,Sales & Marketing,Bachelor's,6,3
55,Operations,Bachelor's,8,5
28,Sales & Marketing,Bachelor's,5,1
29,HR,Bachelor's,7,4
58,Sales & Marketing,Bachelor's,4,1
28,Operations,Master's & above,2,4
30,Technology,Master's & above,4,3
29,Legal,Bachelor's,3,4
38,Operations,Master's & above,4,4
32,Technology,Bachelor's,4,3
38,Technology,Master's & above,8,1
23,HR,Below Secondary,2,5
36,Operations,Bachelor's,3,4
35,Operations,Bachelor's,2,5
35,Procurement,Bachelor's,9,3
39,Operations,Bachelor's,9,4
37,Sales & Marketing,Bachelor's,7,3
24,Technology,Bachelor's,2,5
30,Analytics,Bachelor's,4,5
33,Analytics,Bachelor's,3,4
32,Technology,Bachelor's,5,5
28,Analytics,Bachelor's,6,3
27,Operations,Bachelor's,2,5
28,R&D,Bachelor's,8,4
40,Procurement,Bachelor's,6,5
41,Procurement,Master's & above,4,2
32,Analytics,Bachelor's,5,5
34,Sales & Marketing,Master's & above,10,3
28,Sales & Marketing,Bachelor's,2,3
48,Sales & Marketing,Master's & above,2,3
31,Procurement,Bachelor's,9,2
29,Operations,Bachelor's,8,3
28,Sales & Marketing,Bachelor's,6,5
29,Operations,Bachelor's,6,3
52,Operations,Master's & above,10,5
34,Sales & Marketing,Bachelor's,8,4
33,Procurement,Bachelor's,2,4
31,Sales & Marketing,Bachelor's,6,4
30,Technology,Bachelor's,2,3
38,HR,Master's & above,8,4
28,Operations,Bachelor's,2,1
38,Operations,Master's & above,10,4
35,Procurement,Bachelor's,4,3
44,Analytics,Master's & above,6,5
27,Sales & Marketing,Bachelor's,4,5
35,Sales & Marketing,Master's & above,8,3
27,Finance,Bachelor's,2,3
39,Sales & Marketing,Master's & above,3,4
37,Sales & Marketing,Bachelor's,2,3
42,Sales & Marketing,Bachelor's,6,4
31,Sales & Marketing,Master's & above,4,1
38,Sales & Marketing,Bachelor's,5,4
33,Analytics,Master's & above,8,2
37,Operations,Master's & above,8,4
32,Sales & Marketing,Bachelor's,5,5
38,Operations,Master's & above,3,3
48,Procurement,Bachelor's,6,1
32,Operations,Bachelor's,7,3
28,Procurement,Bachelor's,4,3
27,Procurement,Bachelor's,3,4
41,HR,Master's & above,10,4
37,Operations,Master's & above,3,3
31,R&D,Bachelor's,4,3
47,Sales & Marketing,Master's & above,5,3
30,Procurement,Bachelor's,5,1
37,Operations,Master's & above,8,4
30,Sales & Marketing,Bachelor's,1,2
28,Analytics,Bachelor's,3,5
32,R&D,Bachelor's,2,3
26,Operations,Bachelor's,2,4
48,Operations,Master's & above,6,5
33,Procurement,Master's & above,5,5
36,Technology,Master's & above,6,4
32,Finance,Bachelor's,6,5
29,Sales & Marketing,Bachelor's,3,1
40,Procurement,Master's & above,4,4
34,Technology,Master's & above,6,4
33,Technology,Master's & above,8,3
29,Operations,Bachelor's,5,4
26,Sales & Marketing,Bachelor's,4,1
41,Technology,Master's & above,5,4
33,Operations,Master's & above,5,1
28,Operations,Bachelor's,3,3
36,Sales & Marketing,Master's & above,8,5
33,Procurement,Bachelor's,7,5
27,Sales & Marketing,Bachelor's,2,2
34,Technology,Master's & above,2,5
45,Technology,Master's & above,7,5
24,Sales & Marketing,Bachelor's,2,1
33,Operations,Bachelor's,10,4
