Property_Area,Education,Dependents,LoanAmount,Loan_Amount_Term
Semiurban,Bachelors,0,118,360
Semiurban,Masters,0,185,360
Urban,Bachelors,0,93,360
Semiurban,Bachelors,0,296,360
Urban,Not Graduate,1,100,240
Urban,Bachelors,1,180,360
Semiurban,Not Graduate,0,123,360
Urban,Bachelors,0,104,360
Rural,Bachelors,0,120,360
Urban,Masters,0,120,180
Rural,Bachelors,0,170,360
Rural,Bachelors,0,119,360
Urban,Bachelors,2,275,360
Urban,Bachelors,1,160,360
Rural,Bachelors,0,142,180
Semiurban,Not Graduate,0,53,360
Semiurban,Bachelors,3,200,360
Urban,Bachelors,0,324,360
Urban,Bachelors,0,60,360
Rural,PHD,0,155,360
Semiurban,Masters,1,140,180
Rural,Bachelors,1,107,360
Urban,Masters,0,100,360
Rural,Bachelors,0,311,360
Rural,Bachelors,2,158,360
Semiurban,Masters,0,70,360
Semiurban,Masters,2,236,360
Rural,Bachelors,1,146,360
Semiurban,PHD,0,134,360
Urban,Bachelors,0,168,360
Semiurban,Bachelors,0,136,360
Urban,Not Graduate,1,128,360
Semiurban,Not Graduate,0,201,360
Urban,Bachelors,0,113,480
Rural,Not Graduate,0,100,360
Rural,Bachelors,0,152,360
Urban,Bachelors,0,96,360
Rural,Bachelors,3,275,360
Semiurban,Bachelors,2,200,360
Rural,Masters,2,400,360
Semiurban,Bachelors,0,50,360
Semiurban,Masters,2,97,360
Semiurban,Bachelors,3,158,360
Rural,Not Graduate,0,133,360
Semiurban,PHD,1,95,360
Urban,Masters,0,74,360
Urban,Bachelors,0,120,360
Rural,Bachelors,0,225,360
Semiurban,Masters,2,106,360
Urban,Masters,0,80,360
Rural,Bachelors,1,112,360
Rural,Bachelors,0,129,360
Rural,Bachelors,2,150,360
Semiurban,Bachelors,1,115,360
Urban,Masters,0,110,360
Rural,Bachelors,0,89,360
Rural,PHD,2,110,360
Semiurban,Masters,3,180,300
Semiurban,Bachelors,2,205,240
Semiurban,Masters,0,138,360
Semiurban,Masters,3,128,360
Semiurban,Bachelors,0,96,360
Urban,Masters,0,71,360
Semiurban,Bachelors,0,175,360
Rural,Bachelors,0,132,180
Semiurban,PHD,0,120,360
Urban,Bachelors,2,78,180
Semiurban,Not Graduate,1,90,360
Urban,Not Graduate,2,60,300
Semiurban,Not Graduate,3,74,360
Urban,Not Graduate,0,102,480
Rural,Not Graduate,2,185,360
Urban,Bachelors,0,155,60
Semiurban,Not Graduate,0,96,360
Rural,Not Graduate,0,109,360
Urban,Bachelors,0,176,360
Semiurban,Bachelors,0,131,360
Semiurban,Bachelors,2,150,360
Semiurban,Masters,2,132,360
Rural,Bachelors,0,58,360
Urban,Bachelors,2,109,360
Urban,Bachelors,1,240,360
Semiurban,Masters,0,112,360
Urban,Masters,2,148,360
Rural,Not Graduate,0,55,360
Semiurban,Masters,0,115,360
Urban,Masters,0,76,360
Urban,Bachelors,1,110,360
Urban,Masters,2,187,360
Semiurban,PHD,0,84,360
Rural,Bachelors,3,150,360
Rural,Not Graduate,1,113,180
Rural,Bachelors,0,126,360
Semiurban,Bachelors,0,36,360
Semiurban,Bachelors,0,110,360
Rural,Bachelors,0,182,360
Semiurban,Not Graduate,2,113,180
Urban,Bachelors,1,286,360
Semiurban,Bachelors,1,81,360
Semiurban,Not Graduate,0,102,360
Urban,Bachelors,0,172,360
Semiurban,Masters,0,71,360
Semiurban,Bachelors,0,214,360
Semiurban,Masters,0,137,360
Rural,Bachelors,0,114,360
Semiurban,Masters,0,187,360
Rural,Bachelors,2,80,360
Rural,Not Graduate,2,157,360
Semiurban,Not Graduate,1,94,360
Semiurban,Not Graduate,0,98,360
Semiurban,Bachelors,0,113,360
Rural,Bachelors,1,106,360
Urban,Bachelors,0,141,360
Semiurban,Bachelors,0,128,360
Urban,Masters,0,110,360
Urban,Bachelors,0,54,360
Semiurban,Masters,2,127,360
Rural,Bachelors,0,308,360
Semiurban,Bachelors,0,182,360
Semiurban,Not Graduate,3,148,360
Urban,Masters,1,158,360
Semiurban,Bachelors,0,99,360
Rural,Bachelors,2,125,360
Rural,Bachelors,1,128,360
Urban,Bachelors,2,138,360
Semiurban,Not Graduate,2,45,360
Semiurban,Bachelors,1,152,360
Rural,Not Graduate,1,131,360
Semiurban,Masters,0,160,360
Urban,Bachelors,0,136,360
Urban,Bachelors,0,90,360
Rural,Bachelors,2,101,360
Semiurban,Not Graduate,0,132,360
Rural,PHD,0,105,360
Rural,Bachelors,3,40,180
Rural,Not Graduate,0,115,360
Semiurban,Not Graduate,1,62,360
Urban,Bachelors,0,67,360
Rural,Bachelors,3,123,360
Urban,Bachelors,2,200,360
Urban,Bachelors,0,100,360
Urban,Bachelors,0,75,360
Urban,Not Graduate,0,95,360
Semiurban,Bachelors,0,50,360
Rural,Not Graduate,0,95,360
Semiurban,Bachelors,1,173,360
Semiurban,Bachelors,1,86,360
Semiurban,Not Graduate,0,130,360
Rural,Not Graduate,0,110,360
Rural,Not Graduate,0,138,360
Urban,Bachelors,0,120,360
Semiurban,Bachelors,0,172,360
Semiurban,Bachelors,1,105,84
Semiurban,Not Graduate,0,80,36
Rural,Bachelors,0,480,360
Semiurban,Not Graduate,1,161,360
Rural,Bachelors,0,175,300
Semiurban,Masters,0,120,360
Semiurban,Not Graduate,3,130,360
Urban,Masters,1,113,360
Rural,Not Graduate,3,81,180
Semiurban,Bachelors,0,143,360
Urban,Not Graduate,0,35,360
Rural,Bachelors,2,243,360
Semiurban,Masters,0,115,360
Rural,Not Graduate,0,133,360
Semiurban,Not Graduate,2,97,360
Rural,Masters,0,153,360
Rural,Not Graduate,0,126,360
Urban,Bachelors,0,30,360
Semiurban,Bachelors,0,136,360
Semiurban,Masters,0,103,360
Urban,Not Graduate,2,81,360
Semiurban,Bachelors,0,255,360
Rural,Bachelors,0,209,360
Urban,Bachelors,2,130,360
Semiurban,Bachelors,0,55,360
Urban,Masters,0,110,360
Rural,Not Graduate,0,154,360
Semiurban,Bachelors,2,155,360
Semiurban,Bachelors,0,162,360
Urban,Masters,0,84,360
Semiurban,Masters,0,100,360
Semiurban,Masters,2,127,360
Urban,Bachelors,0,66,360
Semiurban,Bachelors,2,120,360
Urban,Masters,0,90,360
Urban,Bachelors,1,44,360
Semiurban,Not Graduate,1,279,180
Semiurban,Masters,0,128,360
Rural,Masters,3,95,360
Semiurban,Bachelors,0,56,180
Semiurban,Bachelors,0,207,360
Urban,Bachelors,0,104,360
Urban,Bachelors,2,267,360
Semiurban,Bachelors,1,150,360
Rural,Bachelors,0,132,360
Semiurban,Bachelors,0,160,360
Rural,Not Graduate,3,130,360
Semiurban,Masters,1,140,360
Urban,Bachelors,0,192,360
Semiurban,Bachelors,2,208,360
Rural,Bachelors,0,67,360
Urban,Masters,2,187,180
Semiurban,Bachelors,0,103,360
Semiurban,Masters,3,600,180
Semiurban,Not Graduate,0,100,360
Urban,Not Graduate,1,158,360
Semiurban,PHD,2,205,360
Urban,Bachelors,0,650,480
Semiurban,Masters,0,436,360
Rural,Bachelors,0,120,360
Urban,Not Graduate,2,144,360
Rural,Masters,0,84,360
Urban,Masters,2,70,360
Rural,Not Graduate,3,173,360
Rural,Bachelors,0,187,360
Urban,Not Graduate,0,115,360
Semiurban,Masters,1,116,360
Semiurban,Masters,3,260,360
Semiurban,Bachelors,0,139,360
Rural,Bachelors,0,93,360
Semiurban,Bachelors,0,122,360
Urban,Not Graduate,3,70,180
Semiurban,Masters,0,110,360
Semiurban,Bachelors,0,84,360
Semiurban,Masters,1,196,360
Rural,Not Graduate,0,165,180
Rural,Bachelors,0,121,360
Semiurban,Bachelors,1,600,360
Urban,Bachelors,0,50,360
Semiurban,Masters,2,107,360
Rural,Bachelors,3,320,360
Urban,Bachelors,3,99,360
Rural,Not Graduate,0,120,360
Semiurban,Bachelors,0,96,480
Semiurban,Bachelors,1,151,360
Rural,Masters,0,149,360
Urban,Masters,2,239,360
Semiurban,Bachelors,0,160,360
Semiurban,Not Graduate,3,94,480
Rural,Masters,0,151,480
Urban,Bachelors,2,225,360
Urban,Bachelors,0,128,360
Semiurban,Not Graduate,0,124,300
Urban,Masters,2,134,360
Semiurban,PHD,0,73,180
Semiurban,Bachelors,0,258,360
Rural,Bachelors,2,150,360
Semiurban,Bachelors,0,137,360
Semiurban,Not Graduate,1,190,360
Urban,Bachelors,0,88,360
Urban,Bachelors,1,201,360
Semiurban,Not Graduate,0,111,360
Urban,Masters,0,60,360
Urban,Not Graduate,0,100,480
Semiurban,Masters,0,99,300
Urban,Bachelors,1,186,360
Rural,Masters,0,112,360
Semiurban,Masters,0,122,360
Urban,Bachelors,1,111,180
Rural,Not Graduate,2,112,360
Semiurban,Bachelors,0,130,360
Semiurban,Masters,0,115,360
Urban,Bachelors,0,110,360
Semiurban,Masters,0,125,360
Semiurban,Bachelors,0,259,360
Urban,Masters,0,187,360
Urban,Bachelors,0,210,360
Rural,Bachelors,0,140,360
Semiurban,Not Graduate,3,128,360
Rural,Not Graduate,0,65,300
Semiurban,Bachelors,0,128,360
Semiurban,Masters,0,25,120
Semiurban,Bachelors,0,44,360
Semiurban,Masters,0,191,360
Semiurban,Bachelors,0,98,360
Semiurban,Bachelors,0,144,360
Urban,PHD,1,187,360
Rural,Masters,0,304,360
Urban,Not Graduate,1,140,180
Rural,Bachelors,2,380,300
Semiurban,Bachelors,0,131,360
Rural,Bachelors,0,108,360
Semiurban,Bachelors,0,70,180
Urban,Masters,1,100,360
Rural,Bachelors,0,118,360
Semiurban,Bachelors,0,103,360
Semiurban,Bachelors,0,242,360
Urban,Masters,2,192,360
Urban,Bachelors,0,95,300
Urban,Bachelors,0,260,360
Urban,Masters,2,17,120
Urban,Not Graduate,1,111,180
Semiurban,PHD,2,120,360
Urban,Not Graduate,0,60,180
Semiurban,Masters,3,124,360
Urban,Bachelors,1,113,180
Urban,Bachelors,2,100,360
Rural,Masters,0,172,360
