Incident_Station_Area,Status_of_Fire_On_Arrival,Estimated_Dollar_Loss,Possible_Cause,Civilian_Casualties
326,"Fire with smoke showing only - including vehicle, outdoor fires",500000,Used or Placed too close to combustibles,0
332,"Fire with smoke showing only - including vehicle, outdoor fires",120000,Improper handling of ignition source or ignited material,2
343,"Fire with smoke showing only - including vehicle, outdoor fires",0,Design/Construction/Installation/Maintenance Deficiency,0
311,Fire with no evidence from street,250000,Electrical Failure,0
333,"Flames showing from large area (more than one storey, large area outdoors)",0,Undetermined,0
145,Fire extinguished prior to arrival,300,Design/Construction/Installation/Maintenance Deficiency,0
421,"Fully involved (total structure, vehicle, spreading outdoor fire)",500000,Undetermined,0
426,"Fire with smoke showing only - including vehicle, outdoor fires",10000,Undetermined,0
221,"Flames showing from small area (one storey or less, part of a vehicle, outdoor)",2000,Other misuse of ignition source/material ignited,0
114,Fire extinguished prior to arrival,300,Undetermined,0
111,Fire extinguished prior to arrival,5000,Electrical Failure,7
133,"Flames showing from small area (one storey or less, part of a vehicle, outdoor)",0,Improperly Discarded,0
243,Fire extinguished prior to arrival,500,"Other unintentional cause, not classified",0
346,"Flames showing from small area (one storey or less, part of a vehicle, outdoor)",10000,Electrical Failure,0
315,"Flames showing from small area (one storey or less, part of a vehicle, outdoor)",2000,"Other unintentional cause, not classified",0
232,Fire with no evidence from street,100000,Unattended,0
412,Fire with no evidence from street,5000,"Routine maintenance deficiency, eg creosote, lint, grease buildup",0
114,"Fire with smoke showing only - including vehicle, outdoor fires",0,Improperly Discarded,1
413,"Fire with smoke showing only - including vehicle, outdoor fires",40000,Used or Placed too close to combustibles,0
225,"Flames showing from small area (one storey or less, part of a vehicle, outdoor)",5000,Undetermined,0
322,Fire extinguished prior to arrival,200,Unattended,0
432,Fire extinguished prior to arrival,0,Improperly Discarded,0
142,Fire extinguished prior to arrival,500,Design/Construction/Installation/Maintenance Deficiency,0
112,"Fire with smoke showing only - including vehicle, outdoor fires",200,Undetermined,0
442,Fire with no evidence from street,0,"Other unintentional cause, not classified",0
314,"Fire with smoke showing only - including vehicle, outdoor fires",100,Improperly Discarded,0
114,Fire with no evidence from street,0,Improperly Discarded,0
146,"Fire with smoke showing only - including vehicle, outdoor fires",7000,Used or Placed too close to combustibles,1
422,"Fire with smoke showing only - including vehicle, outdoor fires",0,Improperly Discarded,0
426,"Fire with smoke showing only - including vehicle, outdoor fires",300,Improperly Discarded,0
332,"Fire with smoke showing only - including vehicle, outdoor fires",1000,Electrical Failure,0
135,"Fire with smoke showing only - including vehicle, outdoor fires",10000,Undetermined,0
325,Fire with no evidence from street,500,Improper Storage,0
426,Fire extinguished prior to arrival,1500,Unattended,0
113,Fire extinguished prior to arrival,500,Improperly Discarded,0
325,Fire with no evidence from street,1000,Design/Construction/Installation/Maintenance Deficiency,0
244,Fire extinguished prior to arrival,10000,"Unintentional, cause undetermined",1
135,Fire with no evidence from street,0,"Other unintentional cause, not classified",0
113,"Flames showing from small area (one storey or less, part of a vehicle, outdoor)",5000,Undetermined,0
422,Fire extinguished prior to arrival,1000,Improper handling of ignition source or ignited material,0
411,"Flames showing from small area (one storey or less, part of a vehicle, outdoor)",2000,Electrical Failure,0
334,"Fire with smoke showing only - including vehicle, outdoor fires",5000,Electrical Failure,0
135,Fire with no evidence from street,1000,"Routine maintenance deficiency, eg creosote, lint, grease buildup",0
232,"Fully involved (total structure, vehicle, spreading outdoor fire)",3000,Undetermined,0
322,Fire extinguished prior to arrival,1000,"Other unintentional cause, not classified",0
224,Fire extinguished prior to arrival,100,Design/Construction/Installation/Maintenance Deficiency,0
115,Fire with no evidence from street,100,Improperly Discarded,0
341,Fire with no evidence from street,0,Undetermined,0
411,Fire extinguished prior to arrival,0,"Routine maintenance deficiency, eg creosote, lint, grease buildup",0
223,"Fire with smoke showing only - including vehicle, outdoor fires",3000,Unattended,0
432,Fire extinguished prior to arrival,300,Improperly Discarded,0
224,Fire with no evidence from street,1000,Unattended,0
312,Fire extinguished prior to arrival,10,Improperly Discarded,0
322,Fire extinguished prior to arrival,0,"Unintentional, cause undetermined",0
443,Fire extinguished prior to arrival,1000,Electrical Failure,0
133,"Fire with smoke showing only - including vehicle, outdoor fires",0,Undetermined,0
114,"Fire with smoke showing only - including vehicle, outdoor fires",2000,Undetermined,0
444,Fire with no evidence from street,1500,"Other unintentional cause, not classified",0
426,Fire with no evidence from street,75000,Unattended,0
235,"Fire with smoke showing only - including vehicle, outdoor fires",5000,Design/Construction/Installation/Maintenance Deficiency,0
211,Fire extinguished prior to arrival,6000,Unattended,0
344,"Flames showing from small area (one storey or less, part of a vehicle, outdoor)",500,"Other unintentional cause, not classified",0
411,"Fully involved (total structure, vehicle, spreading outdoor fire)",80000,Undetermined,0
411,Fire extinguished prior to arrival,25000,Improper Storage,0
434,"Flames showing from small area (one storey or less, part of a vehicle, outdoor)",0,Undetermined,0
445,Fire extinguished prior to arrival,700,Undetermined,0
223,Fire extinguished prior to arrival,1500,Improper handling of ignition source or ignited material,0
334,"Fire with smoke showing only - including vehicle, outdoor fires",1000,Design/Construction/Installation/Maintenance Deficiency,0
141,"Fire with smoke showing only - including vehicle, outdoor fires",10000,Mechanical Failure,0
413,"Fire with smoke showing only - including vehicle, outdoor fires",15000,Unattended,0
311,"Fire with smoke showing only - including vehicle, outdoor fires",1000,Other misuse of ignition source/material ignited,0
142,Fire with no evidence from street,3000,Electrical Failure,0
115,"Flames showing from small area (one storey or less, part of a vehicle, outdoor)",7000,Undetermined,0
141,Fire with no evidence from street,5000,Used or Placed too close to combustibles,0
433,Fire with no evidence from street,1000,"Other unintentional cause, not classified",0
233,"Fire with smoke showing only - including vehicle, outdoor fires",50000,Undetermined,0
231,Fire extinguished prior to arrival,0,Undetermined,0
113,Fire with no evidence from street,100000,Undetermined,0
223,Fire with no evidence from street,500,Improper handling of ignition source or ignited material,0
442,Fire extinguished prior to arrival,0,"Routine maintenance deficiency, eg creosote, lint, grease buildup",0
432,"Flames showing from small area (one storey or less, part of a vehicle, outdoor)",5000,Improperly Discarded,0
423,"Fire with smoke showing only - including vehicle, outdoor fires",40000,Improperly Discarded,0
445,Fire with no evidence from street,500,Improperly Discarded,0
314,Fire with no evidence from street,0,"Routine maintenance deficiency, eg creosote, lint, grease buildup",0
141,Fire extinguished prior to arrival,2000,Mechanical Failure,0
224,Fire extinguished prior to arrival,500,Undetermined,0
441,Fire with no evidence from street,0,Undetermined,0
342,Fire with no evidence from street,10000,"Other unintentional cause, not classified",0
231,Fire extinguished prior to arrival,10000,Unattended,0
141,Fire extinguished prior to arrival,1000,"Routine maintenance deficiency, eg creosote, lint, grease buildup",0
224,"Fire with smoke showing only - including vehicle, outdoor fires",2500,"Other unintentional cause, not classified",0
331,Fire extinguished prior to arrival,200,Improper Storage,0
421,Fire extinguished prior to arrival,3000,"Routine maintenance deficiency, eg creosote, lint, grease buildup",0
314,Fire with no evidence from street,1000,Other misuse of ignition source/material ignited,0
141,"Fully involved (total structure, vehicle, spreading outdoor fire)",120000,Undetermined,0
445,Fire with no evidence from street,30,Undetermined,0
331,Fire extinguished prior to arrival,5000,Improperly Discarded,0
312,Fire with no evidence from street,2000,Undetermined,1
231,Fire with no evidence from street,10000,Electrical Failure,0
325,Fire with no evidence from street,0,Improperly Discarded,0
331,Fire with no evidence from street,5000,"Routine maintenance deficiency, eg creosote, lint, grease buildup",0
112,"Fire with smoke showing only - including vehicle, outdoor fires",20,Improperly Discarded,0
213,"Fire with smoke showing only - including vehicle, outdoor fires",500,Undetermined,0
445,"Flames showing from small area (one storey or less, part of a vehicle, outdoor)",50000,"Unintentional, cause undetermined",0
433,"Fire with smoke showing only - including vehicle, outdoor fires",5000,"Routine maintenance deficiency, eg creosote, lint, grease buildup",0
314,"Flames showing from small area (one storey or less, part of a vehicle, outdoor)",100000,Undetermined,0
426,Fire extinguished prior to arrival,0,Mechanical Failure,0
234,"Flames showing from small area (one storey or less, part of a vehicle, outdoor)",180000,Used or Placed too close to combustibles,0
315,Fire with no evidence from street,5000,Design/Construction/Installation/Maintenance Deficiency,0
314,Fire extinguished prior to arrival,500,Undetermined,0
411,"Fire with smoke showing only - including vehicle, outdoor fires",5000,"Other unintentional cause, not classified",0
334,Fire with no evidence from street,40000,Unattended,0
225,"Fire with smoke showing only - including vehicle, outdoor fires",100,"Unintentional, cause undetermined",1
141,Fire with no evidence from street,65000,Unattended,0
145,"Fire with smoke showing only - including vehicle, outdoor fires",1500,Used for purpose not intended,0
433,Fire with no evidence from street,500,Electrical Failure,0
331,"Flames showing from small area (one storey or less, part of a vehicle, outdoor)",7500,Used or Placed too close to combustibles,0
334,Fire with no evidence from street,5000,Electrical Failure,1
435,Fire with no evidence from street,500,Other misuse of ignition source/material ignited,0
142,Fire extinguished prior to arrival,2000,Electrical Failure,0
121,Fire extinguished prior to arrival,1000,Other misuse of ignition source/material ignited,0
213,"Flames showing from large area (more than one storey, large area outdoors)",45000,"Unintentional, cause undetermined",0
426,Fire extinguished prior to arrival,750,Improper handling of ignition source or ignited material,0
235,"Fire with smoke showing only - including vehicle, outdoor fires",12500,Mechanical Failure,0
234,Fire extinguished prior to arrival,100,Unattended,0
341,"Flames showing from small area (one storey or less, part of a vehicle, outdoor)",4000,Undetermined,0
432,Fire with no evidence from street,0,"Other unintentional cause, not classified",0
435,"Flames showing from small area (one storey or less, part of a vehicle, outdoor)",250000,Other misuse of ignition source/material ignited,0
332,Fire extinguished prior to arrival,500,"Routine maintenance deficiency, eg creosote, lint, grease buildup",0
423,Fire extinguished prior to arrival,0,Improperly Discarded,0
343,"Flames showing from small area (one storey or less, part of a vehicle, outdoor)",3000,Improper handling of ignition source or ignited material,0
325,"Fire with smoke showing only - including vehicle, outdoor fires",100000,Electrical Failure,0
141,"Flames showing from small area (one storey or less, part of a vehicle, outdoor)",30000,Improperly Discarded,0
234,Fire extinguished prior to arrival,5000,"Unintentional, cause undetermined",0
141,Fire with no evidence from street,40000,Improper Storage,0
233,Fire with no evidence from street,50000,"Other unintentional cause, not classified",0
235,Fire with no evidence from street,2500,"Other unintentional cause, not classified",0
115,"Fire with smoke showing only - including vehicle, outdoor fires",25000,Used or Placed too close to combustibles,1
333,"Flames showing from small area (one storey or less, part of a vehicle, outdoor)",600,Electrical Failure,0
322,"Flames showing from small area (one storey or less, part of a vehicle, outdoor)",2000,Undetermined,0
142,Fire extinguished prior to arrival,5000,Unattended,0
423,Fire extinguished prior to arrival,200,Improperly Discarded,0
132,Fire extinguished prior to arrival,0,Improper handling of ignition source or ignited material,0
132,Fire with no evidence from street,500,"Routine maintenance deficiency, eg creosote, lint, grease buildup",0
232,"Fully involved (total structure, vehicle, spreading outdoor fire)",8000,Undetermined,0
224,Fire with no evidence from street,5000,Improper handling of ignition source or ignited material,0
235,"Fire with smoke showing only - including vehicle, outdoor fires",20000,"Other unintentional cause, not classified",0
315,"Fire with smoke showing only - including vehicle, outdoor fires",50000,Undetermined,0
112,Fire extinguished prior to arrival,5000,"Other unintentional cause, not classified",1
413,Fire extinguished prior to arrival,5000,Improperly Discarded,0
323,Fire extinguished prior to arrival,50,Improperly Discarded,0
345,"Fire with smoke showing only - including vehicle, outdoor fires",500,Design/Construction/Installation/Maintenance Deficiency,0
314,"Flames showing from large area (more than one storey, large area outdoors)",500,Improper Storage,0
113,Fire extinguished prior to arrival,0,"Other unintentional cause, not classified",0
146,Fire with no evidence from street,3000,Unattended,0
232,"Fully involved (total structure, vehicle, spreading outdoor fire)",300000,Undetermined,0
312,"Fire with smoke showing only - including vehicle, outdoor fires",12000,Undetermined,0
426,"Fire with smoke showing only - including vehicle, outdoor fires",900,Undetermined,0
411,Fire extinguished prior to arrival,50000,Unattended,0
315,Fire with no evidence from street,5000,Electrical Failure,0
224,"Flames showing from small area (one storey or less, part of a vehicle, outdoor)",3500,Design/Construction/Installation/Maintenance Deficiency,0
342,"Flames showing from small area (one storey or less, part of a vehicle, outdoor)",5000,Improperly Discarded,0
423,"Flames showing from small area (one storey or less, part of a vehicle, outdoor)",2000,Unattended,0
426,Fire extinguished prior to arrival,300,Electrical Failure,0
223,"Fire with smoke showing only - including vehicle, outdoor fires",40000,Other misuse of ignition source/material ignited,0
333,Fire with no evidence from street,50,"Other unintentional cause, not classified",0
325,Fire with no evidence from street,6000,Improperly Discarded,0
141,Fire with no evidence from street,500,Design/Construction/Installation/Maintenance Deficiency,0
345,Fire with no evidence from street,2000,Children Playing (Ages 11 and under),0
325,Fire extinguished prior to arrival,0,Improperly Discarded,0
415,Fire extinguished prior to arrival,500,Undetermined,1
342,"Flames showing from small area (one storey or less, part of a vehicle, outdoor)",50000,Unattended,0
443,"Flames showing from small area (one storey or less, part of a vehicle, outdoor)",250,Undetermined,0
123,Fire with no evidence from street,5000,"Unintentional, cause undetermined",0
426,Fire extinguished prior to arrival,5000,Unattended,0
132,Fire extinguished prior to arrival,1000,Unattended,0
332,"Flames showing from small area (one storey or less, part of a vehicle, outdoor)",50,Suspected Arson,0
345,"Fire with smoke showing only - including vehicle, outdoor fires",60000,Design/Construction/Installation/Maintenance Deficiency,0
333,"Flames showing from small area (one storey or less, part of a vehicle, outdoor)",20000,Undetermined,0
435,Fire extinguished prior to arrival,500,Improper handling of ignition source or ignited material,0
426,Fire extinguished prior to arrival,0,"Other unintentional cause, not classified",0
142,Fire with no evidence from street,5000,Other misuse of ignition source/material ignited,0
321,"Fire with smoke showing only - including vehicle, outdoor fires",1000,Improperly Discarded,0
334,Fire with no evidence from street,20000,Unattended,0
211,"Fire with smoke showing only - including vehicle, outdoor fires",40000,Electrical Failure,0
332,"Flames showing from small area (one storey or less, part of a vehicle, outdoor)",1200,Improperly Discarded,0
132,Fire extinguished prior to arrival,3000,"Routine maintenance deficiency, eg creosote, lint, grease buildup",0
331,"Flames showing from small area (one storey or less, part of a vehicle, outdoor)",50000,Improperly Discarded,0
145,Fire extinguished prior to arrival,10000,"Unintentional, cause undetermined",0
141,"Fire with smoke showing only - including vehicle, outdoor fires",200000,Electrical Failure,0
334,Fire with no evidence from street,100,Undetermined,0
323,"Fire with smoke showing only - including vehicle, outdoor fires",5000,"Routine maintenance deficiency, eg creosote, lint, grease buildup",0
434,Fire extinguished prior to arrival,1000,Unattended,1
312,"Fire with smoke showing only - including vehicle, outdoor fires",500,Improperly Discarded,0
333,"Flames showing from large area (more than one storey, large area outdoors)",1000000,Undetermined,0
322,Fire with no evidence from street,0,"Unintentional, cause undetermined",0
325,Fire with no evidence from street,0,Improperly Discarded,0
133,Fire extinguished prior to arrival,1000,Improper handling of ignition source or ignited material,0
231,Fire extinguished prior to arrival,20,"Unintentional, cause undetermined",0
134,"Fire with smoke showing only - including vehicle, outdoor fires",15000,Unattended,0
213,"Fire with smoke showing only - including vehicle, outdoor fires",10000,Other misuse of ignition source/material ignited,1
426,Fire extinguished prior to arrival,1000,Improperly Discarded,0
411,"Fire with smoke showing only - including vehicle, outdoor fires",25000,"Routine maintenance deficiency, eg creosote, lint, grease buildup",0
223,Fire extinguished prior to arrival,0,Undetermined,0
342,"Fire with smoke showing only - including vehicle, outdoor fires",15000,Undetermined,0
111,"Fire with smoke showing only - including vehicle, outdoor fires",450000,Electrical Failure,0
112,Fire extinguished prior to arrival,500,Undetermined,0
315,"Fire with smoke showing only - including vehicle, outdoor fires",55000,Improperly Discarded,0
111,"Flames showing from small area (one storey or less, part of a vehicle, outdoor)",5000,Electrical Failure,0
434,"Fire with smoke showing only - including vehicle, outdoor fires",0,"Other unintentional cause, not classified",0
132,Fire with no evidence from street,5000,Improper handling of ignition source or ignited material,0
145,Fire extinguished prior to arrival,7500,"Unintentional, cause undetermined",0
146,Fire with no evidence from street,250000,Design/Construction/Installation/Maintenance Deficiency,0
232,"Fire with smoke showing only - including vehicle, outdoor fires",20000,Electrical Failure,0
244,"Fire with smoke showing only - including vehicle, outdoor fires",1500,Undetermined,0
442,Fire extinguished prior to arrival,0,"Other unintentional cause, not classified",0
426,Fire with no evidence from street,0,Improperly Discarded,0
425,"Fire with smoke showing only - including vehicle, outdoor fires",250000,Improper handling of ignition source or ignited material,0
312,Fire extinguished prior to arrival,15000,Improper handling of ignition source or ignited material,0
345,Fire extinguished prior to arrival,1000,Improper handling of ignition source or ignited material,0
415,Fire extinguished prior to arrival,500,Unattended,0
315,Fire extinguished prior to arrival,3000,Design/Construction/Installation/Maintenance Deficiency,0
344,"Flames showing from small area (one storey or less, part of a vehicle, outdoor)",400000,Electrical Failure,0
314,Fire extinguished prior to arrival,25,Electrical Failure,0
325,"Flames showing from small area (one storey or less, part of a vehicle, outdoor)",5000,Undetermined,0
333,"Flames showing from small area (one storey or less, part of a vehicle, outdoor)",3000,Undetermined,0
142,Fire extinguished prior to arrival,3000,"Other unintentional cause, not classified",0
333,Fire extinguished prior to arrival,1000,Used or Placed too close to combustibles,0
331,Fire extinguished prior to arrival,250,Other misuse of ignition source/material ignited,0
232,Fire extinguished prior to arrival,500,Electrical Failure,0
311,"Fire with smoke showing only - including vehicle, outdoor fires",5000,Improperly Discarded,0
146,"Fire with smoke showing only - including vehicle, outdoor fires",6000,Mechanical Failure,0
145,Fire with no evidence from street,10000,Used for purpose not intended,0
245,Fire extinguished prior to arrival,0,Mechanical Failure,0
431,Fire extinguished prior to arrival,0,"Routine maintenance deficiency, eg creosote, lint, grease buildup",0
426,Fire with no evidence from street,10000,Undetermined,3
426,"Fire with smoke showing only - including vehicle, outdoor fires",400000,Undetermined,2
345,"Fire with smoke showing only - including vehicle, outdoor fires",0,"Routine maintenance deficiency, eg creosote, lint, grease buildup",0
132,Fire with no evidence from street,10000,Mechanical Failure,0
145,Fire extinguished prior to arrival,25,Electrical Failure,0
421,Fire extinguished prior to arrival,20000,Unattended,0
226,Fire extinguished prior to arrival,0,Improperly Discarded,0
333,Fire extinguished prior to arrival,1000,"Unintentional, cause undetermined",0
242,"Fire with smoke showing only - including vehicle, outdoor fires",0,Improper handling of ignition source or ignited material,0
143,"Fire with smoke showing only - including vehicle, outdoor fires",6000,Undetermined,0
313,Fire with no evidence from street,0,Undetermined,0
445,Fire extinguished prior to arrival,300,Unattended,0
123,Fire extinguished prior to arrival,600,Undetermined,0
331,Fire extinguished prior to arrival,250,Used or Placed too close to combustibles,0
314,"Fire with smoke showing only - including vehicle, outdoor fires",5000,Improperly Discarded,0
443,Fire extinguished prior to arrival,0,"Other unintentional cause, not classified",0
243,Fire with no evidence from street,0,Undetermined,0
331,Fire extinguished prior to arrival,0,Improperly Discarded,0
426,Fire extinguished prior to arrival,1000,Unattended,0
315,Fire with no evidence from street,1500,"Other unintentional cause, not classified",0
433,Fire extinguished prior to arrival,1000,Electrical Failure,0
223,"Fire with smoke showing only - including vehicle, outdoor fires",100000,Unattended,0
114,Fire extinguished prior to arrival,0,Improper handling of ignition source or ignited material,0
125,Fire extinguished prior to arrival,0,Unattended,0
333,Fire with no evidence from street,25000,Mechanical Failure,0
311,Fire with no evidence from street,1000,Electrical Failure,0
411,Fire extinguished prior to arrival,7500,Undetermined,0
234,"Flames showing from small area (one storey or less, part of a vehicle, outdoor)",1000,Electrical Failure,0
145,"Fire with smoke showing only - including vehicle, outdoor fires",1000,"Other unintentional cause, not classified",0
341,Fire extinguished prior to arrival,10,Design/Construction/Installation/Maintenance Deficiency,1
332,Fire with no evidence from street,6000,Improper handling of ignition source or ignited material,0
211,"Flames showing from large area (more than one storey, large area outdoors)",100000,Undetermined,0
433,"Flames showing from small area (one storey or less, part of a vehicle, outdoor)",85000,Used or Placed too close to combustibles,1
432,Fire extinguished prior to arrival,5000,Improperly Discarded,0
444,"Flames showing from small area (one storey or less, part of a vehicle, outdoor)",65000,Mechanical Failure,0
435,"Fire with smoke showing only - including vehicle, outdoor fires",1500,Unattended,0
235,Fire with no evidence from street,10000,Rekindle,0
315,Fire extinguished prior to arrival,0,Suspected Arson,0
344,"Fire with smoke showing only - including vehicle, outdoor fires",500,Improperly Discarded,0
313,Fire with no evidence from street,0,"Unintentional, cause undetermined",0
133,Fire with no evidence from street,500,Design/Construction/Installation/Maintenance Deficiency,0
225,"Fire with smoke showing only - including vehicle, outdoor fires",50000,Undetermined,0
325,Fire with no evidence from street,1000,Improper handling of ignition source or ignited material,0
441,Fire extinguished prior to arrival,5000,Unattended,1
221,"Flames showing from small area (one storey or less, part of a vehicle, outdoor)",1000,Suspected Arson,0
415,Fire extinguished prior to arrival,1000,Unattended,0
423,"Fire with smoke showing only - including vehicle, outdoor fires",1000,Improperly Discarded,0
132,"Flames showing from small area (one storey or less, part of a vehicle, outdoor)",200,Suspected Arson,0
312,Fire extinguished prior to arrival,500,"Unintentional, cause undetermined",0
442,"Fire with smoke showing only - including vehicle, outdoor fires",10000,Improper handling of ignition source or ignited material,0
411,"Fire with smoke showing only - including vehicle, outdoor fires",0,Improper handling of ignition source or ignited material,0
225,Fire with no evidence from street,500,Unattended,0
231,Fire extinguished prior to arrival,1000,Suspected Vandalism,0
311,"Flames showing from small area (one storey or less, part of a vehicle, outdoor)",1000,Undetermined,0
415,Fire extinguished prior to arrival,5000,"Routine maintenance deficiency, eg creosote, lint, grease buildup",0
331,"Fire with smoke showing only - including vehicle, outdoor fires",50000,Unattended,0
432,Fire with no evidence from street,10000,Used or Placed too close to combustibles,0
343,"Fire with smoke showing only - including vehicle, outdoor fires",10000,Unattended,0
142,Fire extinguished prior to arrival,15,Used for purpose not intended,0
322,"Flames showing from small area (one storey or less, part of a vehicle, outdoor)",20000,Electrical Failure,0
445,Fire with no evidence from street,4000,Unattended,0
314,Fire extinguished prior to arrival,500,"Routine maintenance deficiency, eg creosote, lint, grease buildup",0
143,"Flames showing from small area (one storey or less, part of a vehicle, outdoor)",100,Undetermined,0
141,"Fire with smoke showing only - including vehicle, outdoor fires",0,Undetermined,0
325,"Fire with smoke showing only - including vehicle, outdoor fires",400,Improperly Discarded,0
