Year_Birth,Education,Marital_Status,Kidhome,Income
1955,Graduation,Together,1,59925.0
1953,Graduation,Together,0,94384.0
1960,Graduation,Together,0,78468.0
1952,Graduation,Married,0,28332.0
1981,Basic,Married,0,34445.0
1952,Graduation,Married,1,50300.0
1974,Graduation,Married,1,44989.0
1978,Graduation,Married,2,66373.0
1967,PhD,Married,2,36947.0
1969,Graduation,Married,1,56796.0
1970,Graduation,Single,1,76467.0
1962,Graduation,Together,1,62568.0
1977,Graduation,Together,3,46931.0
1974,PhD,Together,1,30351.0
1953,Graduation,Married,1,37716.0
1994,Graduation,Together,0,80685.0
1971,Graduation,Single,0,31632.0
1975,Basic,Married,1,30801.0
1979,Graduation,Together,1,85693.0
1956,Graduation,Married,0,15759.0
1974,Graduation,Divorced,2,53034.0
1961,Graduation,Single,1,46524.0
1948,Graduation,Married,0,92344.0
1990,Graduation,Married,0,18351.0
1966,Graduation,Married,2,54198.0
1972,Graduation,Married,1,65685.0
1992,Graduation,Single,0,48789.0
1957,PhD,Divorced,2,41437.0
1951,Graduation,Married,1,57304.0
1957,PhD,Married,2,37633.0
1967,PhD,Married,1,77766.0
1950,Master,Divorced,2,38054.0
1965,Master,Single,3,35791.0
1949,Graduation,Widow,0,72298.0
1978,Graduation,Married,0,67023.0
1947,Graduation,Together,0,74485.0
1955,PhD,Together,2,46015.0
1967,Graduation,Together,2,32474.0
1971,Master,Together,0,80573.0
1964,PhD,Married,2,45759.0
1972,PhD,Married,0,79930.0
1971,PhD,Married,2,46463.0
1954,Graduation,Divorced,1,72071.0
1954,Master,Divorced,1,62637.0
1980,Graduation,Married,1,47850.0
1973,Master,Divorced,2,44051.0
1966,Graduation,Together,2,37758.0
1973,PhD,Divorced,2,35860.0
1959,PhD,Divorced,1,62859.0
1986,Master,Married,1,27161.0
1975,Graduation,Single,1,33955.0
1978,Graduation,Married,1,64813.0
1950,PhD,Together,2,5648.0
1985,PhD,Single,0,37929.0
1959,PhD,Widow,0,67786.0
1964,Graduation,Married,3,40800.0
1955,Graduation,Together,2,42586.0
1970,PhD,Married,2,38097.0
1974,Graduation,Married,2,45837.0
1982,Graduation,Married,0,63211.0
1975,Graduation,Single,2,42160.0
1951,Master,Single,2,49389.0
1964,Master,Single,1,58308.0
1983,Graduation,Together,1,28359.0
1959,Master,Widow,0,33051.0
1960,Master,Together,2,17144.0
1970,Graduation,Together,0,105471.0
1972,Master,Single,1,42394.0
1979,Graduation,Together,0,75507.0
1953,Graduation,Together,2,48794.0
1982,Graduation,Married,1,22448.0
1965,Graduation,Divorced,2,30630.0
1988,Master,Single,0,90247.0
1989,Graduation,Together,1,31928.0
1970,Graduation,Single,1,27242.0
1983,Graduation,Single,0,101970.0
1968,Master,Divorced,1,63841.0
1957,Graduation,Married,0,23539.0
1964,Graduation,Together,2,63404.0
1975,Graduation,Together,2,76532.0
1990,PhD,Married,0,74214.0
1962,PhD,Widow,0,82571.0
1970,PhD,Together,0,82072.0
1951,Master,Widow,2,73705.0
1971,Graduation,Together,2,34600.0
1976,Master,Married,1,34529.0
1979,Graduation,Married,1,17688.0
1980,Basic,Married,1,16005.0
1965,Graduation,Together,1,52117.0
1958,Graduation,Married,1,65148.0
1976,Graduation,Single,1,37697.0
1962,PhD,Single,1,52597.0
1973,Graduation,Widow,1,42429.0
1977,PhD,Married,0,28973.0
1966,Master,Married,1,33585.0
1981,PhD,Married,0,87171.0
1977,Graduation,Married,2,54809.0
1956,Graduation,Single,1,46998.0
1943,PhD,Widow,0,57513.0
1978,Graduation,Divorced,1,41986.0
1982,Graduation,Together,0,71853.0
1971,Master,Single,2,33316.0
1958,Graduation,Together,1,66886.0
1944,PhD,Divorced,0,55614.0
1974,PhD,Married,1,46374.0
1958,Graduation,Married,0,81320.0
1979,Basic,Single,2,16014.0
1955,Graduation,Together,0,76005.0
1970,PhD,Married,2,55158.0
1972,PhD,Single,2,38578.0
1965,Master,Together,1,45143.0
1983,Master,Single,0,89616.0
1977,Graduation,Together,0,96876.0
1949,Graduation,Together,1,38823.0
1967,Graduation,Together,1,54178.0
1955,Master,Single,2,51124.0
1970,Graduation,Married,0,72940.0
1978,Graduation,Married,2,71427.0
1951,Graduation,Divorced,1,43185.0
1961,PhD,Together,1,66426.0
1967,Master,Together,1,62513.0
1985,PhD,Married,1,64355.0
1970,PhD,Married,1,69084.0
1959,Graduation,Together,1,87771.0
1975,Master,Single,2,46098.0
1980,Master,Divorced,0,78789.0
1958,Graduation,Divorced,2,35246.0
1979,Master,Married,1,32765.0
1974,PhD,Married,2,61917.0
1989,Graduation,Single,0,81217.0
1960,Graduation,Married,2,31454.0
1992,Graduation,Single,0,83528.0
1953,Graduation,Married,1,39722.0
1972,Graduation,Married,1,65685.0
1969,Graduation,Together,3,58917.0
1961,Graduation,Divorced,3,27215.0
1973,Graduation,Married,0,92955.0
1973,PhD,Divorced,2,35860.0
1976,Graduation,Married,1,17649.0
1957,Master,Married,2,66726.0
1968,PhD,Divorced,1,42564.0
1969,Graduation,Married,2,48752.0
1951,Graduation,Married,2,30833.0
1992,Basic,Single,1,7500.0
1976,Graduation,Together,1,78416.0
1957,Graduation,Together,2,26091.0
1969,Master,Single,0,26877.0
1963,Graduation,Single,0,80695.0
1981,Master,Married,1,36959.0
1970,Graduation,Married,1,28164.0
1975,Graduation,Married,1,76068.0
1971,Master,Single,2,33316.0
1982,PhD,Married,0,160803.0
1976,Graduation,Married,2,53359.0
1959,Graduation,Single,1,62450.0
1996,Basic,Married,0,14421.0
1973,Graduation,Married,2,24639.0
1966,PhD,Together,2,28764.0
1957,PhD,Married,3,75283.0
1975,Graduation,Together,0,80144.0
1970,Graduation,Together,0,81205.0
1946,PhD,Together,3,64014.0
1958,Graduation,Married,1,61074.0
1950,PhD,Widow,2,56551.0
1959,Graduation,Married,0,35701.0
1970,Master,Married,1,61872.0
1979,Graduation,Together,1,77298.0
1978,Graduation,Divorced,1,55563.0
1974,Graduation,Single,0,69719.0
1962,Graduation,Divorced,1,63887.0
1953,Graduation,Together,0,58398.0
1959,PhD,Married,1,75032.0
1969,Graduation,Widow,2,40590.0
1951,Master,Divorced,1,57530.0
1979,Graduation,Together,1,30545.0
1978,Graduation,Married,2,51267.0
1969,PhD,Married,0,68462.0
1986,Graduation,Single,1,26576.0
1978,Master,Married,1,88097.0
1986,Basic,Married,1,20425.0
1985,Graduation,Single,0,70596.0
1958,Graduation,Married,0,48192.0
1987,Graduation,Married,0,75794.0
1954,PhD,Married,1,36930.0
1957,Graduation,Married,1,47743.0
1952,Graduation,Together,0,75278.0
1965,PhD,Married,0,84618.0
1963,PhD,Divorced,0,41003.0
1965,Graduation,Together,0,56046.0
1969,Graduation,Together,0,74918.0
1966,Graduation,Married,1,61286.0
1965,PhD,Divorced,2,47025.0
1949,Master,Married,2,62845.0
1958,Graduation,Together,1,53977.0
1956,Master,Single,0,64857.0
1944,Master,Widow,0,45006.0
1966,Graduation,Single,0,33279.0
1961,Basic,Married,0,28249.0
1972,Graduation,Married,2,59666.0
1963,PhD,Married,2,54072.0
1981,Graduation,Single,0,58684.0
1954,Master,Together,1,36634.0
1961,Graduation,Single,0,57091.0
1978,PhD,Single,1,31626.0
1978,Graduation,Together,2,42554.0
1979,Graduation,Divorced,1,15287.0
1951,PhD,Married,0,53312.0
1995,Graduation,Single,0,34824.0
1971,Graduation,Single,1,26954.0
1952,Graduation,Married,2,35704.0
1963,Master,Together,0,38620.0
1989,PhD,Single,0,33996.0
1966,Master,Together,1,33564.0
1987,Graduation,Single,1,57100.0
1978,Graduation,Together,2,41580.0
1973,PhD,Single,1,48432.0
1983,Graduation,Married,1,30096.0
1969,PhD,Married,1,56242.0
1968,Master,Together,1,34053.0
1977,Graduation,Together,1,55375.0
1985,Graduation,Married,0,92533.0
1984,Master,Married,1,42207.0
1968,Graduation,Single,2,35893.0
1983,Graduation,Single,1,39062.0
1967,PhD,Married,3,59062.0
1949,Master,Widow,2,47570.0
1947,Master,Together,0,78093.0
1970,Graduation,Single,1,43020.0
1974,Master,Married,1,83891.0
1959,Graduation,Married,0,87195.0
1961,PhD,Married,1,54456.0
1983,Graduation,Married,1,39922.0
1967,Graduation,Single,2,25930.0
1986,PhD,Single,1,29999.0
1969,Master,Single,1,62772.0
1983,Master,Married,0,36262.0
1959,Graduation,Together,1,54753.0
1980,Graduation,Together,2,44964.0
1975,Graduation,Married,2,37085.0
1969,Graduation,Single,1,30822.0
1975,Master,Married,1,7500.0
1950,Master,Widow,1,64866.0
1960,Basic,Widow,0,22123.0
1977,Graduation,Married,2,31353.0
1992,Graduation,Together,0,63207.0
1986,Graduation,Together,1,34728.0
1969,Master,Together,1,65176.0
1959,Graduation,Together,0,71367.0
1946,Graduation,Married,0,18100.0
1975,Master,Together,1,34176.0
1958,PhD,Together,0,74250.0
1973,Basic,Together,1,27190.0
1969,Master,Together,2,44602.0
1977,Graduation,Single,1,35790.0
1956,Graduation,Divorced,0,22304.0
1960,Graduation,Married,1,51651.0
1974,Graduation,Married,0,72099.0
1965,Graduation,Married,1,44375.0
1962,Graduation,Together,1,75072.0
1986,Basic,Single,0,14906.0
1971,Graduation,Married,1,25721.0
1974,Graduation,Married,1,44989.0
1980,Graduation,Married,1,37406.0
1972,PhD,Married,0,70116.0
1975,PhD,Together,1,56559.0
1950,Graduation,Married,0,80763.0
1986,PhD,Married,0,45921.0
1962,Graduation,Together,2,51195.0
1962,Graduation,Single,2,50785.0
1965,PhD,Married,0,69969.0
1967,Graduation,Married,1,42664.0
1955,Master,Divorced,0,70638.0
1967,Graduation,Divorced,1,70647.0
1979,Graduation,Together,1,77298.0
1974,Graduation,Married,1,67445.0
1953,PhD,Together,2,53593.0
1975,Graduation,Divorced,0,83829.0
1976,Master,Married,2,49681.0
1969,Graduation,Married,0,72460.0
1979,Master,Together,1,62499.0
1956,Graduation,Together,2,54450.0
1990,Graduation,Married,0,18222.0
1976,Graduation,Single,0,75825.0
1957,Graduation,Together,1,21994.0
1989,Graduation,Single,1,46107.0
1968,PhD,Married,1,29187.0
1968,Graduation,Divorced,1,61671.0
1964,Graduation,Single,1,45989.0
1954,Graduation,Married,0,62820.0
1963,PhD,Together,2,33629.0
1960,Master,Together,0,83151.0
1984,Basic,Single,1,25707.0
1962,Graduation,Married,2,65316.0
1953,Master,Married,2,54348.0
1981,PhD,Together,0,44953.0
1971,Graduation,Married,2,43824.0
1971,Graduation,Married,1,70886.0
1965,Graduation,Single,1,69263.0
1977,Graduation,Married,2,22108.0
1961,Graduation,Single,0,86429.0
