Genre,Year_released,DB,Duration,Artist_type
melodic rap,2018,-5,179,Solo
dance pop,2018,-5,186,Solo
icelandic indie,2016,-8,214,Band/Group
alternative dance,2012,-6,264,Band/Group
modern alternative rock,2016,-6,348,Band/Group
neo mellow,2018,-9,260,Solo
indie rock,2015,-5,244,Band/Group
brostep,2017,-3,181,Solo
pop,2019,-6,171,Solo
deep house,2013,-7,202,Duo
detroit hip hop,2011,-8,304,Duo
dance pop,2016,-5,236,Solo
chill pop,2013,-9,244,Solo
contemporary country,2011,-5,211,Solo
dfw rap,2016,-4,220,Solo
dance pop,2012,-4,230,Solo
australian pop,2011,-7,245,Solo
dance pop,2019,-7,234,Solo
gangster rap,2012,-7,197,Solo
pop,2014,-6,231,Solo
dance pop,2013,-7,178,Solo
alternative rock,2014,-4,200,Band/Group
atl hip hop,2019,-7,206,Solo
dance pop,2014,-6,260,Solo
atl hip hop,2018,-7,175,Solo
brostep,2019,-4,156,Solo
ghanaian hip hop,2015,-6,226,Solo
dance pop,2009,-7,258,Band/Group
modern rock,2012,-6,190,Band/Group
dance pop,2012,-5,235,Solo
barbadian pop,2010,-4,235,Solo
dance pop,2010,-4,199,Solo
dance pop,2010,-5,205,Solo
contemporary country,2010,-5,248,Duo
dance pop,2017,-4,211,Band/Group
pop,2012,-7,220,Solo
chicago rap,2010,-3,300,Solo
atl hip hop,2017,-4,242,Trio
dance pop,2015,-4,213,Solo
french shoegaze,2011,-7,241,Duo
dance pop,2012,-6,228,Solo
disco house,2010,-2,195,Duo
dance pop,2010,-8,308,Band/Group
dance pop,2012,-3,248,Band/Group
aussietronica,2019,-7,217,Solo
canadian contemporary r&b,2014,-6,252,Solo
dance pop,2014,-7,218,Solo
dance pop,2014,-5,247,Solo
boy band,2018,-5,203,Band/Group
indie poptimism,2014,-9,288,Solo
atl hip hop,2012,-9,233,Solo
dance pop,2010,-5,228,Solo
dance pop,2019,-6,234,Solo
pop,2016,-6,247,Solo
german pop,2014,-9,314,Band/Group
folk-pop,2012,-9,163,Band/Group
atl hip hop,2010,-7,202,Solo
asian american hip hop,2010,-8,217,Band/Group
dance pop,2014,-7,167,Solo
modern folk rock,2012,-5,277,Band/Group
israeli pop,2012,-6,215,Solo
barbadian pop,2011,-6,243,Solo
dance pop,2015,-4,229,Solo
pop,2019,-6,178,Solo
modern rock,2017,-5,187,Band/Group
boy band,2019,-6,183,Band/Group
latin,2019,-5,229,Solo
dance pop,2012,-3,213,Band/Group
dance pop,2016,-4,203,Band/Group
dance pop,2014,-3,190,Solo
dance pop,2010,-3,172,Solo
dance pop,2016,-6,183,Solo
conscious hip hop,2017,-7,213,Solo
dance pop,2019,-5,183,Solo
art pop,2014,-4,209,Solo
dance pop,2015,-5,225,Solo
chicago rap,2019,-7,167,Solo
indie rock,2017,-5,163,Band/Group
chicago rap,2010,-8,228,Solo
art pop,2012,-10,282,Solo
canadian hip hop,2011,-7,236,Solo
art pop,2017,-5,214,Solo
neo mellow,2009,-9,250,Solo
dance pop,2013,-6,195,Solo
atl hip hop,2017,-5,343,Trio
hip hop,2017,-10,210,Solo
melodic rap,2018,-5,189,Solo
canadian hip hop,2018,-6,218,Solo
pop,2019,-5,162,Solo
pop,2018,-5,191,Band/Group
candy pop,2013,-4,297,Band/Group
east coast hip hop,2009,-3,254,Solo
permanent wave,2014,-6,268,Band/Group
modern alternative rock,2016,-5,249,Band/Group
pop,2014,-6,190,Band/Group
pop,2014,-6,231,Solo
dance pop,2009,-5,211,Solo
dance pop,2014,-5,247,Solo
contemporary country,2018,-5,197,Solo
dance pop,2014,-5,198,Band/Group
art pop,2014,-2,170,Solo
danish pop,2016,-6,237,Band/Group
big room,2010,-5,201,Solo
dance pop,2016,-3,196,Solo
dance pop,2010,-5,230,Solo
dance pop,2013,-7,248,Solo
art pop,2013,-6,215,Solo
alternative dance,2017,-3,198,Trio
dance pop,2011,-5,277,Solo
canadian hip hop,2013,-7,228,Solo
indie poptimism,2014,-2,194,Band/Group
dance pop,2011,-5,285,Solo
emo rap,2018,-5,167,Solo
emo rap,2018,-5,158,Solo
electro house,2011,-3,216,Solo
pop,2015,-7,200,Solo
electro,2013,-8,354,Duo
permanent wave,2014,-9,285,Band/Group
candy pop,2013,-3,157,Duo
chicago rap,2015,-5,267,Solo
dance pop,2010,-5,203,Solo
dance pop,2015,-7,270,Solo
dance pop,2017,-7,223,Trio
indie pop rap,2017,-6,269,Solo
emo rap,2018,-6,135,Solo
dance pop,2016,-8,199,Solo
basshall,2018,-4,191,Duo
dance pop,2015,-3,177,Trio
big room,2018,-3,216,Solo
brostep,2018,-4,178,Solo
edm,2019,-7,153,Band/Group
dancefloor dnb,2010,-2,179,Solo
dance pop,2016,-5,211,Band/Group
permanent wave,2011,-7,279,Band/Group
dance pop,2017,-7,204,Solo
dance pop,2016,-5,219,Band/Group
dance pop,2018,-7,233,Solo
pop,2019,-6,154,Solo
dance pop,2014,-4,244,Solo
edm,2015,-7,237,Solo
garage rock,2013,-8,272,Band/Group
australian dance,2016,-5,225,Solo
new jersey rap,2015,-3,213,Solo
modern rock,2018,-6,189,Band/Group
barbadian pop,2016,-8,192,Solo
afro dancehall,2020,-5,240,Band/Group
british soul,2011,-5,223,Solo
hip hop,2018,-4,313,Solo
pop,2019,-6,186,Solo
dance pop,2011,-3,252,Solo
pop rap,2015,-6,186,Duo
dance pop,2012,-5,224,Solo
modern rock,2015,-8,218,Solo
pop,2012,-5,231,Band/Group
edm,2013,-5,256,Duo
dance pop,2019,-3,202,Solo
dance pop,2014,-4,227,Solo
art pop,2017,-4,197,Solo
boy band,2012,-6,199,Band/Group
dance pop,2012,-4,248,Solo
dance pop,2014,-5,215,Solo
dance pop,2014,-3,199,Solo
dance pop,2014,-8,206,Solo
big room,2009,-6,210,Solo
alt z,2020,-9,226,Solo
alternative r&b,2012,-5,234,Solo
atl hip hop,2010,-7,217,Solo
dance pop,2012,-3,227,Duo
british soul,2014,-5,233,Solo
garage rock,2012,-5,200,Band/Group
canadian pop,2015,-5,224,Solo
dance pop,2019,-4,158,Solo
dance pop,2015,-7,213,Solo
pop,2010,-4,201,Band/Group
australian pop,2015,-4,185,Solo
dance pop,2010,-6,221,Solo
brostep,2016,-4,274,Solo
pop,2012,-3,219,Band/Group
indie pop,2019,-6,234,Solo
dance pop,2013,-6,204,Solo
kentucky hip hop,2015,-6,198,Solo
alternative r&b,2016,-7,225,Solo
dfw rap,2018,-6,218,Solo
modern alternative rock,2015,-6,194,Band/Group
dance pop,2010,-3,200,Solo
dance pop,2012,-4,233,Solo
dance pop,2009,-8,253,Band/Group
dance pop,2018,-3,221,Solo
chicago rap,2015,-4,238,Solo
dance pop,2011,-4,262,Duo
dance pop,2018,-6,217,Solo
afroswing,2018,-6,171,Solo
dance pop,2014,-3,184,Duo
dance pop,2017,-4,175,Solo
dance pop,2013,-7,178,Solo
east coast hip hop,2013,-7,234,Solo
pop,2017,-6,212,Solo
alt z,2016,-4,202,Solo
pop,2016,-7,253,Solo
dance pop,2016,-6,170,Band/Group
brostep,2011,-2,215,Solo
permanent wave,2015,-4,264,Band/Group
contemporary country,2018,-6,197,Duo
art pop,2012,-6,289,Solo
hip hop,2018,-5,332,Duo
dance pop,2019,-5,202,Solo
dance pop,2018,-5,194,Solo
barbadian pop,2010,-5,244,Solo
art pop,2013,-7,193,Solo
pop,2011,-8,201,Solo
australian dance,2020,-5,157,Duo
art pop,2013,-7,193,Solo
dance pop,2011,-4,199,Duo
dance pop,2014,-4,213,Solo
dance pop,2015,-7,201,Solo
gangster rap,2017,-5,174,Solo
dance pop,2013,-7,484,Solo
dance pop,2015,-5,201,Solo
indietronica,2017,-5,243,Band/Group
atl hip hop,2010,-4,224,Solo
hollywood,2017,-7,302,Band/Group
dance pop,2010,-4,233,Solo
dance pop,2015,-4,160,Solo
grime,2019,-5,177,Solo
dance pop,2013,-3,227,Solo
alternative r&b,2016,-7,185,Solo
pop rap,2011,-5,237,Band/Group
dance pop,2014,-6,265,Solo
afroswing,2019,-6,214,Duo
dance pop,2017,-5,203,Duo
reggae fusion,2014,-5,225,Band/Group
pop,2018,-6,214,Band/Group
conscious hip hop,2019,-12,214,Solo
modern alternative rock,2012,-4,177,Band/Group
dance pop,2010,-5,177,Solo
gangster rap,2014,-5,216,Solo
dance pop,2012,-4,201,Solo
melodic rap,2019,-3,196,Solo
pop,2011,-8,185,Solo
alternative metal,2012,-4,230,Band/Group
folk-pop,2018,-5,201,Solo
folk-pop,2014,-3,196,Solo
irish pop,2013,-6,230,Band/Group
dance pop,2011,-6,223,Solo
florida rap,2017,-8,268,Solo
dance pop,2016,-6,226,Solo
french indie pop,2014,-6,189,Duo
atl hip hop,2019,-7,200,Solo
dance pop,2012,-4,240,Solo
dance pop,2011,-6,238,Solo
kentucky hip hop,2015,-6,198,Solo
dance pop,2012,-4,219,Solo
dance pop,2018,-7,184,Solo
dance pop,2012,-4,206,Solo
melodic rap,2017,-5,209,Solo
dance pop,2013,-5,217,Solo
canadian pop,2013,-3,214,Solo
alternative rock,2011,-5,282,Band/Group
dance pop,2013,-6,247,Solo
dance pop,2015,-4,229,Solo
art pop,2012,-5,221,Solo
modern rock,2017,-4,204,Band/Group
edm,2015,-6,230,Duo
memphis hip hop,2019,-5,177,Solo
hip hop,2011,-6,240,Solo
dance pop,2018,-8,193,Duo
dance pop,2018,-4,230,Solo
dance pop,2019,-3,160,Solo
cali rap,2019,-6,126,Solo
reggae fusion,2009,-6,221,Solo
dance pop,2017,-3,205,Solo
indie rock,2010,-4,192,Band/Group
dance pop,2012,-3,256,Solo
kentucky hip hop,2015,-11,195,Solo
belgian pop,2013,-7,232,Solo
dance pop,2010,-6,211,Solo
g funk,2011,-6,207,Solo
dance pop,2012,-5,214,Solo
dance pop,2013,-5,293,Solo
indie pop rap,2015,-4,248,Solo
dance pop,2016,-7,198,Solo
dance pop,2010,-7,170,Band/Group
dance pop,2015,-7,201,Solo
art pop,2019,-14,196,Solo
dance pop,2010,-8,224,Solo
canadian hip hop,2016,-8,263,Solo
dance pop,2012,-5,231,Solo
dance pop,2015,-5,192,Solo
art pop,2012,-9,251,Solo
belgian pop,2010,-9,206,Solo
indie poptimism,2018,-6,205,Band/Group
dance pop,2010,-4,187,Solo
indie pop rap,2017,-4,245,Solo
dance pop,2010,-3,208,Solo
dance pop,2011,-4,195,Solo
dance pop,2018,-6,186,Solo
melodic rap,2019,-6,137,Solo
dance pop,2017,-7,204,Solo
atl hip hop,2018,-5,190,Trio
canadian contemporary r&b,2015,-7,242,Solo
