Gender,Education,Balance,CreditScore,Tenure
Male,Masters,166115.42,815,1
Male,Bachelors,106545.53,733,3
Female,Masters,0.0,720,6
Female,Bachelors,110031.09,639,10
Male,Masters,177729.13,753,6
Male,Bachelors,155973.13,747,7
Male,Bachelors,121863.61,587,5
Male,Bachelors,154669.77,573,3
Male,Masters,0.0,526,1
Male,PHD,126066.26,632,6
Female,PHD,140891.46,650,2
Female,Masters,92126.26,734,6
Male,Bachelors,137260.45,690,2
Male,Masters,0.0,631,10
Female,Masters,127585.98,684,3
Female,Masters,0.0,509,1
Male,Bachelors,97009.15,486,9
Male,Masters,117559.05,636,5
Male,Bachelors,190298.89,526,9
Male,PHD,172170.36,629,1
Male,Bachelors,0.0,811,10
Male,Bachelors,0.0,786,9
Male,Masters,71142.77,664,6
Female,Bachelors,0.0,567,2
Male,PHD,0.0,653,3
Male,Bachelors,144852.06,757,7
Male,Bachelors,0.0,565,5
Female,Bachelors,102073.67,528,10
Male,Masters,138772.15,518,5
Female,Masters,105736.32,595,2
Male,PHD,167268.98,672,4
Female,PHD,0.0,581,6
Male,Bachelors,0.0,593,10
Male,Bachelors,115024.5,664,1
Female,Bachelors,0.0,533,8
Female,Bachelors,71433.08,708,4
Male,Masters,0.0,588,4
Male,Bachelors,116197.65,773,8
Male,Masters,113755.78,645,8
Male,Masters,0.0,564,4
Male,Bachelors,155978.17,641,10
Female,Masters,0.0,614,1
Male,Bachelors,0.0,739,4
Male,Bachelors,0.0,674,5
Female,Masters,174937.64,494,7
Female,Bachelors,97361.66,628,1
Male,PHD,144318.97,444,2
Female,Bachelors,56214.85,715,8
Male,Bachelors,0.0,598,1
Female,Masters,90408.16,484,2
Male,Masters,109342.82,686,2
Male,Bachelors,0.0,683,1
Male,Masters,72079.71,850,2
Male,PHD,0.0,661,8
Female,Bachelors,97764.41,800,5
Female,Masters,137411.29,511,5
Male,PHD,0.0,577,3
Female,Bachelors,0.0,702,9
Female,Masters,0.0,529,5
Female,Bachelors,0.0,654,2
Female,Masters,0.0,653,6
Male,PHD,27517.15,824,3
Female,PHD,0.0,651,8
Male,Bachelors,129431.36,542,10
Female,Bachelors,138847.9,516,10
Male,Masters,0.0,796,5
Female,Masters,174853.46,513,5
Female,Masters,138089.97,655,5
Female,PHD,76296.81,689,1
Female,Bachelors,0.0,677,3
Female,Masters,171283.91,598,10
Female,Bachelors,0.0,527,8
Female,Bachelors,161608.81,754,3
Male,Bachelors,98400.61,698,5
Male,Bachelors,0.0,794,8
Male,Bachelors,110976.23,439,7
Male,PHD,117494.27,642,8
Female,Masters,127638.35,620,9
Male,Bachelors,107764.75,632,3
Male,Masters,0.0,680,9
Female,Bachelors,0.0,697,10
Female,PHD,118772.71,625,8
Female,Masters,0.0,511,5
Female,Bachelors,152663.77,718,1
Male,Bachelors,158584.28,553,2
Male,Bachelors,0.0,656,2
Male,Masters,0.0,700,4
Female,PHD,121532.17,777,10
Female,Bachelors,119741.77,647,1
Female,PHD,0.0,449,6
Female,Bachelors,130229.71,791,10
Female,Masters,139723.9,684,4
Female,Bachelors,0.0,820,1
Male,Masters,86402.52,714,6
Male,Bachelors,0.0,718,9
Male,Bachelors,91857.66,498,1
Male,PHD,82697.28,648,10
Female,Masters,0.0,651,8
Male,Bachelors,0.0,754,7
Male,Bachelors,78990.15,676,3
Male,Masters,0.0,736,7
Male,PHD,0.0,562,9
Female,Bachelors,144837.79,454,5
Female,Masters,120481.69,613,10
Male,PHD,0.0,652,6
Male,Masters,164046.1,701,9
Female,Bachelors,0.0,492,8
Male,Bachelors,55732.92,470,4
Male,Bachelors,101960.74,737,1
Male,Masters,0.0,733,5
Female,Masters,0.0,691,6
Male,PHD,130110.45,807,10
Male,Masters,149105.08,823,5
Male,Bachelors,125961.74,518,9
Female,Masters,0.0,586,0
Female,Bachelors,73194.52,579,10
Male,Masters,0.0,724,10
Male,Masters,161434.36,593,5
Male,Masters,156001.68,850,4
Female,Bachelors,131834.76,453,4
Male,Bachelors,0.0,682,4
Female,Bachelors,0.0,692,9
Female,Bachelors,82441.75,584,4
Female,Masters,113811.85,655,3
Female,Bachelors,0.0,555,9
Male,Bachelors,170288.38,612,5
Female,Bachelors,0.0,846,5
Male,Bachelors,0.0,731,10
Female,Bachelors,165878.76,672,3
Female,Masters,0.0,658,2
Male,Masters,103399.87,688,9
Male,Masters,0.0,653,4
Female,PHD,0.0,411,9
Female,Bachelors,160426.07,643,7
Male,PHD,82275.35,698,2
Female,Bachelors,0.0,719,7
Female,Masters,37266.67,671,6
Male,Masters,114835.43,728,10
Male,Bachelors,83459.86,539,0
Female,Bachelors,0.0,620,3
Female,Bachelors,0.0,731,6
Male,Bachelors,99799.76,622,4
Male,Masters,0.0,679,6
Male,Bachelors,117231.63,745,10
Female,Masters,0.0,814,7
Male,Masters,0.0,614,4
Male,Masters,64097.75,673,1
Female,Bachelors,58036.33,707,2
Female,Bachelors,79259.99,850,7
Female,PHD,78126.28,596,0
Female,Bachelors,0.0,837,9
Female,Bachelors,0.0,785,3
Female,Masters,131778.08,597,0
Male,Bachelors,106920.91,620,4
Female,Masters,172231.93,523,5
Female,Bachelors,0.0,588,0
Male,PHD,155736.42,613,3
Female,Bachelors,75470.23,779,2
Male,PHD,0.0,614,3
Male,Bachelors,151858.98,816,6
Male,Masters,138705.02,656,7
Female,Bachelors,101430.3,645,5
Male,Masters,0.0,608,1
Male,Bachelors,95668.82,694,1
Female,Masters,126384.42,684,10
Male,Bachelors,0.0,727,4
Female,Masters,115265.14,636,2
Female,Bachelors,146100.75,569,9
Male,Masters,99640.89,708,8
Female,Masters,0.0,638,7
Male,Masters,0.0,588,10
Male,Bachelors,0.0,730,1
Male,PHD,190479.48,606,5
Male,Masters,96152.68,806,2
Female,PHD,98877.95,600,7
Female,Bachelors,0.0,512,6
Male,Masters,114655.58,501,5
Male,Masters,0.0,766,0
Female,Bachelors,0.0,658,9
Male,Masters,112701.04,583,9
Female,Bachelors,113781.5,634,3
Male,Masters,0.0,588,8
Male,PHD,98903.06,513,3
Male,Bachelors,0.0,649,8
Male,Bachelors,165282.42,746,5
Male,Masters,0.0,599,4
Female,PHD,183613.66,751,9
Female,Masters,105588.66,701,3
Female,Bachelors,116646.76,651,1
Male,Bachelors,0.0,635,1
Female,Masters,96418.09,669,8
Female,Masters,0.0,764,7
Female,PHD,148074.79,751,7
Female,Bachelors,92041.87,668,10
Female,Bachelors,85146.36,518,9
Male,Bachelors,88311.48,584,3
Male,Bachelors,160454.15,735,5
Male,Bachelors,0.0,576,6
Male,Masters,0.0,707,1
Female,Masters,91025.58,688,9
Female,PHD,0.0,754,4
Male,Bachelors,0.0,688,1
Male,Masters,61811.23,732,10
Male,Masters,0.0,611,10
Male,Masters,74309.81,586,9
Female,Masters,0.0,671,6
Female,Masters,155114.9,716,6
Female,PHD,107283.4,549,8
Male,Masters,92347.96,562,3
Female,Bachelors,0.0,815,6
Female,Bachelors,0.0,588,7
Male,Bachelors,94504.35,726,9
Female,Bachelors,0.0,584,1
Male,Masters,0.0,651,7
Male,Bachelors,71240.3,627,8
Male,Bachelors,140733.74,614,8
Female,Bachelors,118273.83,721,6
Female,Bachelors,0.0,562,0
Male,Bachelors,0.0,605,7
Male,Masters,134950.19,415,9
Male,Masters,119859.52,671,8
Female,Masters,149379.66,705,5
Male,Masters,0.0,529,5
Female,Masters,40224.7,651,7
Male,Bachelors,147856.82,613,1
Male,Masters,117466.03,645,7
Male,Masters,0.0,673,4
Female,Bachelors,0.0,640,3
Male,Bachelors,0.0,615,7
Female,PHD,0.0,677,8
Male,Bachelors,101438.0,486,1
Female,Masters,0.0,721,1
Male,Masters,147307.91,709,4
Male,Bachelors,100260.88,762,10
Female,PHD,92895.56,454,10
Female,Masters,108076.33,623,1
Male,Bachelors,155187.3,662,4
Male,PHD,84906.45,650,2
Female,Bachelors,117294.12,757,9
Male,Bachelors,0.0,486,7
Female,Bachelors,80844.69,636,9
Female,Bachelors,151097.28,571,10
Male,Masters,139959.55,477,8
Female,Bachelors,125406.58,583,1
Female,Bachelors,178317.6,493,8
Male,Masters,153972.89,850,10
Female,Bachelors,123816.5,680,4
Female,Masters,0.0,549,4
Female,Bachelors,113348.5,614,3
Male,Bachelors,0.0,694,1
Female,Bachelors,0.0,602,7
Male,Bachelors,84445.68,850,6
Male,Bachelors,142316.14,696,6
Female,PHD,102088.68,578,5
Female,Bachelors,0.0,771,5
Male,Masters,95252.72,800,4
Male,Masters,0.0,847,5
Female,Masters,0.0,535,6
Male,Bachelors,104584.16,584,9
Male,Masters,111348.15,813,6
Male,Bachelors,126306.64,606,10
Male,Bachelors,0.0,715,6
Male,Masters,115130.34,776,8
Male,Bachelors,137555.44,625,7
Male,Bachelors,75915.75,725,7
Female,Bachelors,0.0,513,9
Male,Bachelors,96471.2,544,1
Male,Bachelors,0.0,584,5
Female,Bachelors,0.0,645,1
Male,Bachelors,107141.27,668,4
Female,Bachelors,0.0,850,6
Female,Masters,85227.84,715,3
Male,Bachelors,118803.35,565,4
Female,Masters,137811.75,643,0
Male,Masters,0.0,516,9
Male,Masters,117411.6,659,6
Female,Masters,200117.76,699,1
Male,Bachelors,134644.19,573,0
Female,Bachelors,0.0,639,4
Male,Bachelors,126608.37,623,7
Female,Bachelors,0.0,663,9
Male,Bachelors,0.0,644,2
Female,Masters,0.0,438,2
Female,Bachelors,0.0,507,2
Male,Bachelors,120718.28,744,9
Male,Masters,111432.13,522,1
Male,Bachelors,161814.64,689,2
Female,Bachelors,0.0,710,5
Male,Masters,0.0,575,7
Female,Masters,0.0,768,3
Female,Masters,94631.26,655,6
Male,Bachelors,0.0,543,7
Female,Bachelors,0.0,547,9
Male,Bachelors,0.0,517,4
Female,Bachelors,114722.05,726,9
Female,Masters,150490.32,550,8
Female,Masters,139973.65,648,5
Female,Masters,0.0,678,4
Female,Masters,122950.31,511,8
Female,Bachelors,108541.04,576,5
