Age,Race,Differentiate,Grade,Regional Node Examined
52,White,Moderately differentiated,2,12
46,White,Moderately differentiated,2,19
65,White,Moderately differentiated,2,7
62,White,Moderately differentiated,2,30
59,White,Poorly differentiated,3,11
57,White,Moderately differentiated,2,18
38,White,Moderately differentiated,2,22
53,White,Moderately differentiated,2,2
47,White,Poorly differentiated,3,2
51,White,Moderately differentiated,2,6
53,White,Moderately differentiated,2,6
54,Black,Poorly differentiated,3,29
48,White,Moderately differentiated,2,18
49,White,Moderately differentiated,2,21
60,White,Moderately differentiated,2,14
64,White,Moderately differentiated,2,17
60,White,Moderately differentiated,2,21
47,White,Poorly differentiated,3,9
62,White,Moderately differentiated,2,16
43,Other,Moderately differentiated,2,5
50,White,Well differentiated,1,28
51,White,Moderately differentiated,2,9
66,White,Moderately differentiated,2,6
60,White,Moderately differentiated,2,22
68,White,Well differentiated,1,25
45,White,Poorly differentiated,3,16
32,White,Moderately differentiated,2,15
47,White,Poorly differentiated,3,23
55,White,Moderately differentiated,2,6
40,White,Well differentiated,1,23
56,Other,Moderately differentiated,2,12
62,White,Moderately differentiated,2,19
50,White,Moderately differentiated,2,20
66,White,Well differentiated,1,9
44,White,Moderately differentiated,2,18
55,White,Moderately differentiated,2,15
63,White,Moderately differentiated,2,12
62,Other,Moderately differentiated,2,19
62,White,Moderately differentiated,2,16
33,Other,Moderately differentiated,2,18
45,White,Moderately differentiated,2,14
62,Other,Moderately differentiated,2,17
49,White,Moderately differentiated,2,12
56,Black,Moderately differentiated,2,6
44,White,Poorly differentiated,3,24
39,White,Moderately differentiated,2,20
34,White,Moderately differentiated,2,8
55,White,Moderately differentiated,2,2
44,White,Well differentiated,1,27
40,Other,Moderately differentiated,2,19
61,White,Moderately differentiated,2,2
68,Other,Poorly differentiated,3,7
63,White,Poorly differentiated,3,15
38,White,Poorly differentiated,3,8
49,White,Well differentiated,1,18
46,White,Well differentiated,1,10
57,Black,Poorly differentiated,3,10
61,White,Moderately differentiated,2,39
49,White,Moderately differentiated,2,10
53,Other,Moderately differentiated,2,29
47,White,Poorly differentiated,3,16
53,White,Poorly differentiated,3,13
59,White,Moderately differentiated,2,27
59,Other,Moderately differentiated,2,10
62,White,Well differentiated,1,8
43,White,Poorly differentiated,3,11
59,White,Moderately differentiated,2,11
58,White,Moderately differentiated,2,6
58,Other,Poorly differentiated,3,9
64,White,Moderately differentiated,2,4
58,Black,Well differentiated,1,18
64,White,Poorly differentiated,3,1
55,White,Poorly differentiated,3,16
63,White,Poorly differentiated,3,27
41,White,Moderately differentiated,2,17
63,White,Moderately differentiated,2,25
65,White,Moderately differentiated,2,15
61,Other,Moderately differentiated,2,32
54,White,Moderately differentiated,2,10
37,Other,Poorly differentiated,3,13
68,White,Moderately differentiated,2,18
50,White,Moderately differentiated,2,11
57,White,Moderately differentiated,2,7
58,White,Moderately differentiated,2,13
41,White,Moderately differentiated,2,18
53,White,Poorly differentiated,3,20
67,White,Moderately differentiated,2,13
46,White,Poorly differentiated,3,4
67,White,Well differentiated,1,6
46,White,Moderately differentiated,2,26
63,White,Moderately differentiated,2,22
52,White,Moderately differentiated,2,13
44,Black,Moderately differentiated,2,22
63,White,Moderately differentiated,2,16
68,White,Moderately differentiated,2,1
38,White,Poorly differentiated,3,13
56,White,Moderately differentiated,2,14
60,White,Poorly differentiated,3,10
53,White,Moderately differentiated,2,3
64,White,Moderately differentiated,2,16
58,White,Poorly differentiated,3,22
65,White,Moderately differentiated,2,41
69,White,Moderately differentiated,2,8
42,White,Moderately differentiated,2,23
45,Other,Moderately differentiated,2,21
50,Other,Moderately differentiated,2,20
55,White,Poorly differentiated,3,28
56,Other,Poorly differentiated,3,20
63,White,Moderately differentiated,2,17
42,White,Moderately differentiated,2,35
62,White,Moderately differentiated,2,34
53,White,Moderately differentiated,2,6
43,White,Poorly differentiated,3,2
56,White,Moderately differentiated,2,14
39,White,Poorly differentiated,3,18
56,Other,Moderately differentiated,2,11
55,White,Moderately differentiated,2,13
57,White,Poorly differentiated,3,8
43,White,Moderately differentiated,2,13
45,White,Poorly differentiated,3,3
66,White,Moderately differentiated,2,17
46,White,Poorly differentiated,3,17
53,Other,Well differentiated,1,23
44,Other,Poorly differentiated,3,4
53,White,Moderately differentiated,2,14
60,White,Moderately differentiated,2,12
64,White,Poorly differentiated,3,22
69,White,Poorly differentiated,3,4
58,White,Moderately differentiated,2,16
52,White,Moderately differentiated,2,18
63,White,Moderately differentiated,2,2
57,White,Well differentiated,1,19
45,White,Poorly differentiated,3,23
57,White,Moderately differentiated,2,21
50,White,Poorly differentiated,3,17
62,White,Moderately differentiated,2,23
53,White,Poorly differentiated,3,8
46,White,Poorly differentiated,3,19
61,White,Moderately differentiated,2,12
37,White,Moderately differentiated,2,13
50,White,Moderately differentiated,2,13
69,White,Moderately differentiated,2,13
49,White,Poorly differentiated,3,16
58,White,Moderately differentiated,2,19
56,White,Moderately differentiated,2,12
42,White,Moderately differentiated,2,10
49,Other,Poorly differentiated,3,20
41,White,Poorly differentiated,3,9
61,White,Moderately differentiated,2,20
54,White,Moderately differentiated,2,19
53,White,Poorly differentiated,3,14
57,White,Well differentiated,1,14
63,White,Moderately differentiated,2,10
62,Black,Undifferentiated, anaplastic; Grade IV,10
59,White,Poorly differentiated,3,11
51,White,Poorly differentiated,3,21
55,White,Moderately differentiated,2,10
55,White,Moderately differentiated,2,11
64,White,Moderately differentiated,2,26
69,White,Moderately differentiated,2,16
68,White,Well differentiated,1,10
64,White,Moderately differentiated,2,4
57,White,Moderately differentiated,2,26
65,White,Well differentiated,1,3
67,White,Poorly differentiated,3,11
50,White,Well differentiated,1,13
53,White,Moderately differentiated,2,5
57,White,Poorly differentiated,3,16
62,White,Moderately differentiated,2,13
47,White,Poorly differentiated,3,1
47,White,Poorly differentiated,3,7
49,White,Moderately differentiated,2,22
50,White,Moderately differentiated,2,5
40,Other,Well differentiated,1,8
68,White,Poorly differentiated,3,13
46,White,Moderately differentiated,2,13
68,Black,Moderately differentiated,2,21
65,White,Moderately differentiated,2,2
65,White,Poorly differentiated,3,18
44,Other,Well differentiated,1,13
61,White,Poorly differentiated,3,30
55,White,Moderately differentiated,2,4
47,White,Moderately differentiated,2,13
57,White,Poorly differentiated,3,28
58,White,Moderately differentiated,2,32
53,White,Well differentiated,1,12
52,White,Poorly differentiated,3,13
53,White,Well differentiated,1,11
68,White,Moderately differentiated,2,4
53,White,Moderately differentiated,2,7
40,White,Poorly differentiated,3,8
66,White,Moderately differentiated,2,12
51,White,Moderately differentiated,2,12
67,White,Poorly differentiated,3,37
31,White,Moderately differentiated,2,9
49,White,Poorly differentiated,3,9
66,White,Moderately differentiated,2,7
42,White,Moderately differentiated,2,18
61,White,Moderately differentiated,2,25
64,White,Moderately differentiated,2,15
63,White,Moderately differentiated,2,15
51,White,Moderately differentiated,2,21
49,Other,Poorly differentiated,3,28
46,White,Moderately differentiated,2,28
38,White,Moderately differentiated,2,3
55,White,Moderately differentiated,2,15
61,Other,Moderately differentiated,2,4
40,Other,Well differentiated,1,7
62,White,Moderately differentiated,2,17
47,Black,Moderately differentiated,2,27
44,Other,Moderately differentiated,2,1
32,Other,Moderately differentiated,2,15
47,White,Moderately differentiated,2,21
39,White,Undifferentiated, anaplastic; Grade IV,14
60,White,Moderately differentiated,2,8
67,White,Moderately differentiated,2,16
69,White,Well differentiated,1,12
62,White,Poorly differentiated,3,14
69,White,Well differentiated,1,2
61,White,Moderately differentiated,2,26
62,White,Poorly differentiated,3,8
44,White,Moderately differentiated,2,13
66,White,Poorly differentiated,3,14
59,White,Moderately differentiated,2,12
54,White,Moderately differentiated,2,16
59,White,Poorly differentiated,3,16
69,Black,Moderately differentiated,2,19
44,White,Moderately differentiated,2,12
67,Black,Moderately differentiated,2,7
60,White,Well differentiated,1,23
69,White,Poorly differentiated,3,12
50,White,Moderately differentiated,2,18
59,Other,Moderately differentiated,2,15
49,White,Moderately differentiated,2,19
62,White,Moderately differentiated,2,22
57,White,Well differentiated,1,18
40,Black,Moderately differentiated,2,10
63,White,Moderately differentiated,2,9
39,White,Poorly differentiated,3,31
42,White,Moderately differentiated,2,13
55,White,Moderately differentiated,2,13
58,White,Moderately differentiated,2,11
53,White,Moderately differentiated,2,9
53,White,Poorly differentiated,3,8
65,White,Moderately differentiated,2,16
53,White,Moderately differentiated,2,1
39,White,Poorly differentiated,3,40
48,White,Moderately differentiated,2,35
53,Black,Moderately differentiated,2,6
61,White,Moderately differentiated,2,15
48,Black,Moderately differentiated,2,19
51,White,Moderately differentiated,2,32
64,White,Well differentiated,1,24
51,White,Poorly differentiated,3,4
51,White,Moderately differentiated,2,33
61,White,Poorly differentiated,3,11
51,Other,Poorly differentiated,3,15
44,White,Poorly differentiated,3,20
60,White,Moderately differentiated,2,30
34,White,Moderately differentiated,2,8
43,White,Moderately differentiated,2,8
48,White,Moderately differentiated,2,18
67,White,Moderately differentiated,2,11
30,Other,Moderately differentiated,2,15
58,Other,Poorly differentiated,3,23
41,White,Poorly differentiated,3,8
66,White,Well differentiated,1,35
57,White,Moderately differentiated,2,6
58,White,Moderately differentiated,2,1
58,White,Moderately differentiated,2,28
51,White,Moderately differentiated,2,14
38,White,Poorly differentiated,3,10
46,White,Moderately differentiated,2,14
57,White,Moderately differentiated,2,26
47,White,Well differentiated,1,6
62,White,Poorly differentiated,3,6
61,White,Moderately differentiated,2,11
62,White,Moderately differentiated,2,30
55,White,Moderately differentiated,2,30
37,White,Moderately differentiated,2,17
42,Black,Moderately differentiated,2,10
54,White,Poorly differentiated,3,3
62,Black,Poorly differentiated,3,12
55,White,Moderately differentiated,2,13
43,White,Poorly differentiated,3,8
48,Other,Well differentiated,1,20
56,White,Moderately differentiated,2,7
55,Black,Moderately differentiated,2,12
56,Other,Poorly differentiated,3,8
42,Other,Well differentiated,1,9
57,White,Moderately differentiated,2,16
42,White,Moderately differentiated,2,26
63,White,Poorly differentiated,3,19
69,White,Well differentiated,1,20
51,White,Well differentiated,1,9
59,White,Poorly differentiated,3,3
39,Black,Moderately differentiated,2,28
46,White,Moderately differentiated,2,13
49,Black,Moderately differentiated,2,22
61,White,Moderately differentiated,2,13
