Gender,Age,Weight,Number_emergency,Glyburide
Male,[40-50),86,3,No
Male,[60-70),103,0,No
Male,[60-70),112,0,No
Male,[80-90),78,0,No
Female,[50-60),95,1,No
Female,[60-70),133,0,No
Male,[60-70),95,0,No
Female,[60-70),79,0,Steady
Male,[60-70),94,0,No
Male,[70-80),98,0,No
Male,[70-80),71,0,No
Female,[70-80),83,0,No
Female,[40-50),126,1,No
Female,[80-90),79,1,No
Female,[80-90),50,0,No
Male,[30-40),112,0,No
Male,[20-30),76,1,No
Female,[60-70),89,0,No
Female,[80-90),98,1,No
Female,[80-90),56,0,No
Female,[70-80),85,0,No
Male,[50-60),155,0,No
Male,[20-30),65,4,No
Male,[50-60),117,0,No
Female,[90-100),71,0,No
Male,[70-80),57,0,No
Female,[70-80),97,0,No
Male,[60-70),111,0,No
Male,[80-90),71,0,No
Male,[40-50),88,2,No
Male,[50-60),67,0,No
Female,[70-80),66,0,No
Male,[80-90),94,0,Steady
Female,[50-60),112,0,No
Female,[60-70),81,4,No
Female,[60-70),80,0,No
Female,[90-100),53,1,No
Male,[60-70),84,0,No
Female,[70-80),66,0,No
Female,[50-60),67,0,No
Male,[60-70),93,0,No
Female,[80-90),45,0,No
Female,[80-90),75,0,No
Male,[50-60),123,0,No
Female,[70-80),30,0,No
Female,[70-80),64,0,No
Male,[60-70),116,0,No
Male,[60-70),122,0,No
Female,[80-90),96,1,No
Female,[60-70),102,0,Steady
Male,[60-70),101,0,Steady
Female,[70-80),65,0,No
Female,[70-80),63,0,No
Male,[60-70),53,0,No
Female,[80-90),55,1,No
Male,[70-80),78,0,No
Female,[60-70),116,0,No
Female,[50-60),92,0,No
Female,[50-60),79,1,No
Female,[60-70),93,0,No
Female,[60-70),88,0,No
Female,[60-70),53,0,Steady
Female,[70-80),53,0,No
Female,[80-90),84,0,No
Male,[60-70),73,0,No
Male,[50-60),97,0,No
Male,[60-70),79,0,No
Female,[70-80),60,0,No
Female,[70-80),86,0,No
Female,[50-60),82,2,No
Male,[40-50),90,0,No
Female,[70-80),168,0,No
Male,[50-60),58,0,No
Male,[60-70),112,0,No
Female,[80-90),68,0,No
Male,[50-60),123,0,No
Male,[50-60),79,2,No
Female,[50-60),66,0,No
Female,[40-50),83,3,No
Male,[30-40),127,0,No
Female,[30-40),61,0,No
Female,[70-80),106,0,No
Female,[70-80),83,0,No
Male,[80-90),79,0,Up
Male,[50-60),98,0,No
Male,[80-90),85,0,No
Female,[70-80),82,0,No
Female,[50-60),173,3,No
Female,[70-80),121,0,No
Female,[20-30),65,2,No
Male,[50-60),103,1,No
Female,[70-80),115,0,No
Male,[70-80),137,0,Steady
Male,[80-90),79,0,No
Male,[70-80),93,0,No
Female,[50-60),52,0,No
Female,[70-80),32,1,Steady
Male,[70-80),89,0,No
Male,[70-80),115,1,No
Male,[60-70),61,0,No
Female,[90-100),37,0,Steady
Female,[50-60),105,0,No
Male,[70-80),100,0,Steady
Female,[50-60),71,0,No
Male,[60-70),79,1,No
Male,[70-80),80,0,No
Male,[70-80),26,1,No
Male,[70-80),81,0,No
Male,[60-70),103,1,No
Male,[60-70),20,0,No
Female,[70-80),58,0,Steady
Female,[70-80),61,0,No
Female,[80-90),59,0,Steady
Female,[40-50),143,0,No
Female,[40-50),105,0,No
Male,[50-60),81,0,No
Female,[70-80),86,0,No
Female,[80-90),57,0,No
Male,[60-70),93,0,No
Female,[60-70),64,0,No
Female,[50-60),107,0,No
Female,[50-60),133,0,No
Female,[60-70),108,0,No
Male,[70-80),61,0,No
Female,[70-80),85,0,No
Female,[70-80),55,1,Steady
Female,[60-70),87,0,No
Male,[50-60),91,0,Up
Female,[70-80),65,0,Steady
Female,[80-90),63,2,No
Male,[70-80),66,1,No
Female,[60-70),81,0,No
Male,[70-80),117,0,No
Male,[70-80),85,0,Steady
Male,[60-70),113,0,No
Female,[70-80),104,0,No
Male,[40-50),188,0,No
Male,[70-80),106,0,No
Male,[70-80),101,1,No
Female,[70-80),73,0,No
Male,[80-90),88,0,No
Male,[60-70),116,0,No
Female,[70-80),121,0,Steady
Male,[80-90),93,0,No
Female,[80-90),35,0,No
Male,[70-80),96,0,No
Male,[60-70),131,0,No
Male,[30-40),88,1,No
Male,[70-80),90,1,No
Female,[80-90),57,0,No
Female,[60-70),53,0,No
Female,[70-80),73,0,Steady
Male,[50-60),116,0,No
Male,[60-70),110,0,No
Female,[80-90),65,1,No
Female,[40-50),121,0,No
Male,[60-70),79,0,No
Female,[50-60),64,0,No
Male,[20-30),81,0,No
Male,[90-100),98,0,No
Female,[50-60),69,0,No
Male,[50-60),100,0,No
Male,[70-80),102,0,No
Female,[60-70),95,2,No
Female,[30-40),60,0,No
Female,[60-70),38,0,No
Female,[50-60),176,0,No
Female,[60-70),121,0,No
Female,[90-100),61,0,Steady
Male,[20-30),55,4,No
Male,[60-70),91,0,No
Male,[70-80),116,0,No
Male,[70-80),98,0,Steady
Female,[70-80),37,0,No
Female,[80-90),63,0,No
Male,[60-70),110,1,No
Female,[60-70),89,0,No
Female,[70-80),64,0,No
Female,[60-70),50,2,Steady
Female,[70-80),58,0,No
Female,[70-80),50,0,Steady
Male,[40-50),92,0,No
Female,[60-70),101,0,No
Female,[70-80),94,0,Steady
Female,[60-70),76,0,No
Female,[70-80),54,0,Up
Female,[80-90),65,1,No
Male,[60-70),137,0,No
Female,[70-80),16,0,No
Female,[70-80),92,0,No
Male,[50-60),118,0,No
Male,[70-80),68,0,No
Female,[60-70),56,0,No
Female,[70-80),117,2,No
Female,[50-60),70,1,No
Male,[50-60),105,0,No
Male,[70-80),89,0,No
Male,[80-90),115,0,No
Female,[80-90),67,0,No
Female,[50-60),62,1,No
Male,[60-70),90,1,No
Female,[80-90),90,0,No
Female,[80-90),68,0,No
Male,[50-60),104,0,Steady
Male,[40-50),133,0,Steady
Male,[30-40),85,0,No
Male,[80-90),93,0,No
Female,[60-70),65,0,Steady
Female,[60-70),118,1,No
Male,[60-70),79,0,No
Male,[40-50),98,0,No
Male,[70-80),97,0,Steady
Female,[90-100),53,0,No
Male,[50-60),164,0,No
Male,[50-60),76,0,No
Male,[50-60),107,0,No
Female,[50-60),112,0,No
Female,[80-90),63,0,No
Female,[70-80),76,0,No
Female,[70-80),102,0,No
Male,[50-60),64,0,Steady
Male,[70-80),93,0,No
Female,[80-90),62,0,No
Male,[70-80),133,0,No
Male,[50-60),76,0,No
Male,[70-80),122,0,No
Female,[80-90),88,2,Steady
Female,[70-80),97,0,No
Male,[60-70),80,0,No
Male,[40-50),84,0,No
Male,[30-40),79,1,No
Male,[50-60),91,0,Steady
Male,[60-70),89,0,No
Male,[70-80),111,0,Steady
Female,[60-70),90,0,No
Female,[50-60),89,0,No
Female,[60-70),113,0,Down
Male,[60-70),63,0,No
Male,[80-90),72,0,No
Female,[60-70),64,1,No
Male,[80-90),87,1,No
Male,[80-90),88,1,No
Male,[90-100),73,0,Steady
Female,[80-90),59,0,No
Female,[50-60),82,0,No
Male,[70-80),144,0,No
Male,[50-60),106,1,No
Male,[60-70),64,0,No
Male,[60-70),103,0,No
Female,[80-90),35,0,No
Female,[50-60),31,2,No
Male,[60-70),105,0,Steady
Female,[60-70),93,1,No
Male,[60-70),51,2,No
Female,[40-50),115,1,No
Male,[50-60),114,0,Steady
Male,[60-70),164,0,Steady
Female,[70-80),67,0,No
Female,[60-70),56,0,No
Male,[70-80),85,0,No
Male,[80-90),89,1,Steady
Male,[70-80),53,1,No
Male,[70-80),67,0,No
Female,[70-80),77,1,No
Female,[60-70),83,0,No
Male,[70-80),65,0,Steady
Male,[50-60),91,0,No
Female,[50-60),64,0,No
Male,[70-80),90,0,No
Female,[70-80),82,0,No
Female,[50-60),73,0,No
Female,[70-80),92,0,No
Male,[40-50),80,0,No
Female,[80-90),21,0,No
Female,[70-80),78,0,No
Male,[70-80),107,0,No
Male,[50-60),67,0,Steady
Female,[60-70),108,0,No
Female,[70-80),65,0,No
Female,[50-60),128,0,No
Female,[60-70),110,0,Steady
Male,[40-50),96,0,No
Female,[70-80),92,0,No
Male,[60-70),82,0,No
Female,[40-50),131,0,No
Male,[70-80),89,0,No
Male,[70-80),51,0,Steady
Female,[70-80),90,0,No
Female,[70-80),58,0,No
Male,[70-80),97,0,No
Female,[50-60),127,0,No
Male,[70-80),101,0,No
Female,[60-70),95,0,No
Male,[70-80),71,0,No
Male,[60-70),103,0,No
Male,[80-90),57,0,No
Male,[60-70),92,0,No
Female,[50-60),118,0,No
Male,[40-50),107,0,No
Male,[70-80),97,0,Down
