Age,Gender,Education,JoiningYear,ExperienceInCurrentDomain
28,Male,Bachelors,2016,3
26,Male,Bachelors,2012,4
34,Male,Masters,2017,0
41,Female,Bachelors,2018,2
33,Male,Bachelors,2014,4
32,Male,Bachelors,2014,5
26,Male,Bachelors,2016,4
34,Male,Masters,2015,5
25,Female,Bachelors,2015,3
25,Male,Bachelors,2012,3
25,Male,Bachelors,2017,3
24,Female,Bachelors,2015,2
40,Male,Bachelors,2016,5
25,Male,Bachelors,2015,3
26,Male,Bachelors,2016,4
26,Male,Bachelors,2013,4
25,Male,Bachelors,2018,3
40,Male,Bachelors,2012,3
32,Male,Bachelors,2013,1
34,Male,Masters,2018,2
27,Male,Bachelors,2013,5
27,Female,Bachelors,2013,5
38,Male,Masters,2017,2
29,Male,Bachelors,2014,3
38,Male,Bachelors,2016,0
25,Female,Bachelors,2014,3
26,Male,Masters,2013,4
27,Male,Masters,2015,5
39,Female,Bachelors,2016,0
27,Male,Bachelors,2015,5
24,Male,Bachelors,2012,2
28,Male,Bachelors,2015,3
34,Female,Bachelors,2017,4
26,Male,Bachelors,2012,4
24,Female,Bachelors,2015,2
25,Male,Masters,2015,3
33,Female,PHD,2018,4
37,Male,Bachelors,2012,3
26,Female,Bachelors,2015,4
26,Male,Bachelors,2017,4
31,Male,Bachelors,2017,3
27,Female,Bachelors,2017,5
24,Male,Masters,2017,2
26,Male,Bachelors,2018,4
25,Female,Bachelors,2017,3
28,Female,Bachelors,2016,5
24,Male,Bachelors,2014,2
27,Male,Bachelors,2018,5
32,Male,Bachelors,2015,1
30,Female,Masters,2017,2
26,Male,Bachelors,2017,4
27,Male,Bachelors,2017,5
35,Male,Bachelors,2014,1
24,Female,Bachelors,2017,2
35,Male,Bachelors,2013,1
27,Female,Bachelors,2012,5
28,Female,Bachelors,2016,3
28,Female,Bachelors,2015,1
27,Male,Bachelors,2017,5
29,Male,Bachelors,2016,2
28,Male,Bachelors,2018,1
26,Male,Bachelors,2016,4
24,Male,Bachelors,2017,2
27,Male,Bachelors,2018,5
38,Male,Bachelors,2017,2
37,Female,Bachelors,2013,1
28,Male,Masters,2016,1
31,Male,Bachelors,2013,2
27,Male,Bachelors,2014,5
40,Female,Bachelors,2018,4
26,Female,Bachelors,2012,4
34,Female,PHD,2014,3
26,Male,Bachelors,2013,4
38,Female,Masters,2017,2
40,Male,Bachelors,2015,0
26,Female,Bachelors,2016,4
24,Female,Masters,2017,2
26,Female,Masters,2015,4
26,Female,Masters,2017,4
24,Female,Bachelors,2014,2
25,Female,Bachelors,2013,3
32,Male,Masters,2013,2
28,Female,Bachelors,2015,2
27,Female,Bachelors,2014,5
33,Female,Bachelors,2013,0
26,Male,Bachelors,2016,4
41,Female,Bachelors,2012,4
29,Female,Bachelors,2016,2
26,Male,Bachelors,2018,4
24,Female,Bachelors,2017,2
25,Male,Bachelors,2012,3
27,Male,Bachelors,2013,5
26,Female,Bachelors,2015,4
28,Male,Bachelors,2014,2
30,Male,Bachelors,2017,4
25,Male,Bachelors,2014,3
31,Female,Bachelors,2015,1
27,Male,Bachelors,2012,5
28,Female,Bachelors,2017,3
33,Male,Bachelors,2014,3
38,Male,Bachelors,2016,2
24,Male,Bachelors,2016,2
26,Male,Masters,2017,4
39,Female,Masters,2014,2
27,Female,Bachelors,2012,5
27,Male,Bachelors,2016,5
27,Female,Bachelors,2018,5
28,Male,Bachelors,2014,2
32,Male,Bachelors,2015,4
26,Male,Bachelors,2013,4
28,Male,Bachelors,2012,1
27,Female,Bachelors,2014,5
27,Male,Masters,2017,5
34,Male,Bachelors,2014,1
28,Female,Bachelors,2015,2
27,Female,Bachelors,2013,5
27,Male,Bachelors,2017,5
30,Male,Masters,2017,2
33,Male,Bachelors,2013,3
24,Female,Bachelors,2015,2
25,Female,Masters,2017,3
26,Male,Bachelors,2013,4
29,Male,Bachelors,2015,2
28,Male,Bachelors,2014,3
27,Male,Bachelors,2015,5
41,Female,Masters,2013,2
26,Male,Bachelors,2018,4
28,Female,Bachelors,2014,1
24,Male,Bachelors,2016,2
28,Female,Bachelors,2013,2
30,Male,Bachelors,2015,4
36,Female,Bachelors,2014,5
26,Female,Bachelors,2012,4
24,Female,Masters,2017,2
27,Female,PHD,2018,5
25,Male,Bachelors,2013,3
28,Female,Bachelors,2016,5
24,Female,Bachelors,2016,2
32,Male,Bachelors,2015,2
25,Male,Bachelors,2017,3
32,Male,Bachelors,2017,5
26,Male,Masters,2018,4
27,Female,Masters,2014,5
24,Female,Bachelors,2013,2
26,Male,Bachelors,2014,4
27,Male,Bachelors,2014,5
27,Female,Bachelors,2015,5
23,Male,Masters,2017,1
26,Male,Bachelors,2017,4
27,Male,Bachelors,2014,5
34,Male,Bachelors,2017,2
24,Female,Masters,2017,2
30,Female,Bachelors,2013,1
37,Male,Bachelors,2016,0
28,Male,Bachelors,2014,1
30,Female,PHD,2013,2
24,Female,Masters,2015,2
30,Male,Bachelors,2018,0
36,Male,Bachelors,2015,2
26,Male,Bachelors,2018,4
40,Female,Masters,2015,5
40,Male,PHD,2016,1
37,Male,Bachelors,2017,0
24,Female,Masters,2013,2
27,Female,Bachelors,2016,5
29,Female,Bachelors,2017,5
40,Male,Masters,2018,2
26,Male,Bachelors,2012,4
26,Male,Bachelors,2016,4
34,Male,Bachelors,2012,1
24,Male,Bachelors,2018,2
24,Male,Bachelors,2018,2
26,Male,Bachelors,2013,4
31,Female,PHD,2015,1
30,Female,Masters,2013,3
37,Male,Bachelors,2016,3
25,Male,Bachelors,2013,3
25,Female,Bachelors,2013,3
27,Male,Bachelors,2016,5
36,Female,Bachelors,2016,1
40,Female,Bachelors,2015,0
28,Female,Bachelors,2016,4
41,Female,Masters,2017,2
34,Female,Bachelors,2016,2
38,Female,Bachelors,2014,3
24,Male,Bachelors,2013,2
29,Female,Bachelors,2016,0
40,Male,Bachelors,2016,0
27,Female,Masters,2014,5
24,Male,Masters,2017,2
31,Female,Bachelors,2014,5
24,Male,Bachelors,2016,2
28,Male,Bachelors,2017,3
28,Female,Bachelors,2012,3
26,Male,Bachelors,2014,4
24,Male,Bachelors,2016,2
36,Male,Bachelors,2014,4
28,Male,Bachelors,2014,4
29,Female,Bachelors,2017,1
24,Male,Bachelors,2016,2
25,Male,Bachelors,2017,3
28,Female,Bachelors,2015,5
28,Male,Masters,2017,2
36,Male,Bachelors,2012,1
28,Female,Masters,2015,0
25,Female,Bachelors,2016,3
38,Female,Bachelors,2015,1
33,Female,Masters,2014,1
26,Male,Bachelors,2012,4
26,Male,Masters,2013,4
27,Female,Bachelors,2017,5
31,Female,Bachelors,2016,0
28,Male,Bachelors,2012,5
24,Female,Bachelors,2012,2
24,Male,Bachelors,2016,2
28,Male,Bachelors,2013,1
27,Female,Bachelors,2013,5
28,Female,Bachelors,2014,3
25,Male,Masters,2014,3
30,Female,Bachelors,2012,0
31,Female,Bachelors,2013,0
40,Male,Bachelors,2017,1
27,Female,Bachelors,2012,5
34,Male,Masters,2017,2
25,Male,Bachelors,2014,3
25,Male,Bachelors,2013,3
27,Male,Masters,2017,5
25,Male,Bachelors,2013,3
24,Male,Masters,2018,2
37,Male,Bachelors,2017,2
26,Male,Bachelors,2015,4
35,Male,Bachelors,2012,7
40,Male,Bachelors,2017,2
24,Male,Bachelors,2014,2
28,Female,Bachelors,2013,0
27,Male,Bachelors,2013,5
35,Female,Bachelors,2012,2
39,Male,Bachelors,2015,1
30,Male,Bachelors,2017,0
26,Female,Bachelors,2014,4
25,Male,Bachelors,2016,3
27,Female,Bachelors,2012,5
34,Female,Bachelors,2014,5
28,Male,Bachelors,2012,3
28,Female,Bachelors,2014,2
33,Male,Bachelors,2014,3
26,Male,Bachelors,2017,4
28,Female,Bachelors,2015,0
27,Female,Bachelors,2014,5
27,Male,PHD,2017,5
28,Female,Masters,2017,4
24,Male,Bachelors,2013,2
25,Male,Masters,2013,3
25,Female,Bachelors,2015,3
36,Male,Bachelors,2017,1
27,Male,Bachelors,2012,5
24,Female,Bachelors,2015,2
34,Female,Bachelors,2017,0
24,Male,Bachelors,2012,2
26,Male,Bachelors,2012,4
36,Male,Bachelors,2018,3
29,Female,Masters,2017,2
26,Male,Bachelors,2016,4
27,Male,Bachelors,2014,5
28,Male,Masters,2017,1
36,Male,Bachelors,2017,2
22,Male,Bachelors,2013,0
23,Male,Bachelors,2015,1
30,Male,Masters,2014,0
33,Male,Bachelors,2016,1
36,Male,Bachelors,2012,1
28,Female,Bachelors,2014,1
35,Female,Bachelors,2017,4
28,Male,Bachelors,2016,1
24,Female,Bachelors,2015,2
29,Male,Bachelors,2017,0
31,Male,Bachelors,2015,5
30,Male,Masters,2012,1
27,Male,Bachelors,2014,5
25,Female,Bachelors,2017,3
26,Male,Bachelors,2012,4
28,Male,Masters,2014,2
29,Female,Bachelors,2015,1
26,Female,Bachelors,2015,4
36,Female,Bachelors,2015,0
37,Male,Masters,2017,0
28,Male,Bachelors,2016,2
27,Female,Bachelors,2015,5
30,Female,Bachelors,2012,2
40,Female,Bachelors,2017,4
39,Male,Bachelors,2014,5
25,Female,Masters,2017,3
28,Female,Bachelors,2014,1
37,Female,PHD,2012,5
24,Male,Bachelors,2013,2
27,Male,Bachelors,2016,5
27,Male,Bachelors,2013,5
28,Male,Bachelors,2015,2
33,Female,Masters,2015,4
31,Male,Bachelors,2015,1
