Age,Reason,Studytime,Failures,G2
18,course,>10 hours,0,9
18,reputation,2 to 5 hours,1,8
17,reputation,<2 hours,1,6
18,other,<2 hours,1,9
19,course,2 to 5 hours,3,8
16,home,<2 hours,0,9
18,home,5 to 10 hours,0,10
17,home,2 to 5 hours,0,5
15,other,<2 hours,0,15
15,other,2 to 5 hours,3,8
17,home,<2 hours,0,11
17,reputation,<2 hours,0,15
15,home,2 to 5 hours,0,10
18,other,5 to 10 hours,0,13
17,course,<2 hours,0,10
17,course,2 to 5 hours,0,12
16,home,<2 hours,2,9
19,reputation,2 to 5 hours,1,12
18,reputation,2 to 5 hours,1,12
15,home,2 to 5 hours,0,6
22,other,<2 hours,3,8
18,course,<2 hours,0,12
15,home,<2 hours,0,13
15,home,5 to 10 hours,0,16
15,course,<2 hours,0,14
17,home,<2 hours,0,8
16,reputation,2 to 5 hours,0,11
16,other,2 to 5 hours,0,16
15,home,2 to 5 hours,0,10
16,home,5 to 10 hours,0,7
15,reputation,2 to 5 hours,0,6
15,course,2 to 5 hours,0,16
17,reputation,2 to 5 hours,0,9
18,course,<2 hours,0,10
17,course,2 to 5 hours,0,5
18,reputation,>10 hours,0,14
17,course,2 to 5 hours,0,15
15,home,>10 hours,0,14
15,reputation,2 to 5 hours,0,15
17,reputation,5 to 10 hours,0,12
16,home,<2 hours,0,14
15,reputation,>10 hours,0,13
17,other,2 to 5 hours,0,8
15,course,2 to 5 hours,0,8
16,home,2 to 5 hours,0,13
18,course,<2 hours,3,5
17,reputation,<2 hours,0,6
16,reputation,>10 hours,0,15
16,course,2 to 5 hours,0,16
16,reputation,<2 hours,0,14
18,reputation,2 to 5 hours,0,13
18,home,2 to 5 hours,0,15
15,course,<2 hours,0,12
16,course,<2 hours,0,12
18,other,2 to 5 hours,1,12
19,home,2 to 5 hours,1,9
18,home,5 to 10 hours,0,8
16,home,2 to 5 hours,0,10
16,home,<2 hours,0,9
16,reputation,2 to 5 hours,0,6
15,reputation,2 to 5 hours,0,13
17,reputation,5 to 10 hours,1,5
16,home,2 to 5 hours,0,16
16,course,2 to 5 hours,0,12
15,other,<2 hours,0,16
18,course,5 to 10 hours,0,16
15,course,>10 hours,0,8
17,other,2 to 5 hours,0,13
15,home,2 to 5 hours,0,9
17,course,>10 hours,0,9
15,reputation,>10 hours,0,16
18,home,2 to 5 hours,0,14
18,other,5 to 10 hours,0,18
15,reputation,2 to 5 hours,2,6
16,reputation,2 to 5 hours,0,13
19,home,2 to 5 hours,1,14
17,reputation,2 to 5 hours,0,11
16,reputation,5 to 10 hours,0,16
16,course,2 to 5 hours,0,5
17,home,<2 hours,1,9
17,home,5 to 10 hours,0,11
15,course,2 to 5 hours,0,10
15,home,>10 hours,1,10
17,course,5 to 10 hours,0,14
17,home,2 to 5 hours,0,11
16,course,<2 hours,0,15
17,reputation,2 to 5 hours,0,10
16,reputation,2 to 5 hours,0,9
17,home,<2 hours,1,18
16,reputation,<2 hours,2,9
18,home,2 to 5 hours,0,15
18,home,2 to 5 hours,1,10
17,reputation,2 to 5 hours,0,13
18,other,5 to 10 hours,0,13
17,reputation,5 to 10 hours,0,15
15,course,2 to 5 hours,0,18
16,home,2 to 5 hours,0,7
19,reputation,2 to 5 hours,0,11
15,home,2 to 5 hours,3,7
15,reputation,2 to 5 hours,0,8
17,course,<2 hours,0,12
18,other,5 to 10 hours,0,9
15,course,<2 hours,3,9
17,course,2 to 5 hours,0,9
18,other,2 to 5 hours,0,11
19,home,5 to 10 hours,1,12
18,reputation,2 to 5 hours,1,8
17,course,2 to 5 hours,0,9
18,course,2 to 5 hours,0,10
16,course,<2 hours,0,18
17,reputation,5 to 10 hours,0,12
18,home,2 to 5 hours,0,18
16,reputation,2 to 5 hours,0,10
19,home,2 to 5 hours,3,7
15,course,<2 hours,0,10
15,home,<2 hours,0,12
16,reputation,2 to 5 hours,0,13
17,reputation,>10 hours,0,17
15,reputation,2 to 5 hours,0,16
19,home,2 to 5 hours,2,9
16,course,2 to 5 hours,0,15
17,course,5 to 10 hours,0,10
16,course,<2 hours,1,11
18,course,2 to 5 hours,0,8
17,reputation,2 to 5 hours,0,12
16,reputation,>10 hours,0,11
18,course,2 to 5 hours,0,9
19,home,<2 hours,3,0
16,course,<2 hours,0,11
17,home,2 to 5 hours,0,14
18,reputation,>10 hours,0,12
15,reputation,2 to 5 hours,0,15
17,home,<2 hours,0,15
18,home,2 to 5 hours,0,0
16,course,<2 hours,0,0
19,course,2 to 5 hours,1,11
16,course,2 to 5 hours,1,12
15,course,2 to 5 hours,2,9
17,course,5 to 10 hours,0,11
15,reputation,<2 hours,0,13
17,home,2 to 5 hours,1,8
17,course,2 to 5 hours,0,8
15,reputation,2 to 5 hours,0,14
16,course,>10 hours,0,7
16,course,2 to 5 hours,0,15
16,home,<2 hours,0,10
17,reputation,2 to 5 hours,0,17
18,home,2 to 5 hours,0,13
17,reputation,5 to 10 hours,0,15
16,course,<2 hours,0,6
19,other,<2 hours,1,5
16,course,2 to 5 hours,0,15
18,home,<2 hours,0,10
18,course,>10 hours,0,8
15,course,2 to 5 hours,0,10
16,reputation,<2 hours,0,15
18,course,2 to 5 hours,0,9
19,home,<2 hours,1,8
18,course,<2 hours,1,8
17,home,2 to 5 hours,0,11
18,home,2 to 5 hours,1,7
17,course,2 to 5 hours,0,11
17,course,2 to 5 hours,1,7
17,course,2 to 5 hours,0,12
17,course,2 to 5 hours,0,11
16,course,2 to 5 hours,1,12
16,reputation,2 to 5 hours,1,10
15,other,2 to 5 hours,1,7
17,course,2 to 5 hours,0,10
16,home,5 to 10 hours,0,9
17,course,<2 hours,2,6
17,home,2 to 5 hours,0,12
17,home,<2 hours,0,7
19,home,5 to 10 hours,1,13
17,course,2 to 5 hours,0,9
15,home,5 to 10 hours,0,14
15,course,2 to 5 hours,0,8
16,reputation,2 to 5 hours,0,15
18,course,<2 hours,0,11
16,reputation,5 to 10 hours,0,14
18,course,2 to 5 hours,1,5
18,home,2 to 5 hours,1,6
15,course,5 to 10 hours,0,0
15,other,<2 hours,0,13
18,course,5 to 10 hours,0,15
18,reputation,>10 hours,0,13
20,course,5 to 10 hours,2,14
16,course,<2 hours,0,18
16,course,2 to 5 hours,0,10
17,course,<2 hours,0,16
15,course,2 to 5 hours,0,11
15,reputation,>10 hours,0,13
15,course,<2 hours,0,19
18,reputation,2 to 5 hours,0,0
16,course,2 to 5 hours,0,15
17,course,<2 hours,1,9
15,course,5 to 10 hours,2,0
17,reputation,2 to 5 hours,0,11
17,home,5 to 10 hours,0,9
17,course,<2 hours,0,5
20,course,<2 hours,0,18
17,reputation,2 to 5 hours,0,7
16,home,2 to 5 hours,0,12
15,reputation,5 to 10 hours,2,10
15,course,5 to 10 hours,0,9
16,course,2 to 5 hours,1,10
18,other,<2 hours,0,12
17,reputation,2 to 5 hours,0,9
16,other,2 to 5 hours,0,12
21,course,<2 hours,3,8
18,other,<2 hours,0,6
15,home,2 to 5 hours,0,15
17,home,2 to 5 hours,0,9
18,course,2 to 5 hours,0,8
16,home,5 to 10 hours,0,18
18,home,2 to 5 hours,0,9
18,reputation,2 to 5 hours,0,17
19,course,5 to 10 hours,1,5
15,course,<2 hours,0,13
17,other,2 to 5 hours,0,9
17,course,2 to 5 hours,0,15
15,course,>10 hours,0,11
16,reputation,<2 hours,0,12
17,home,5 to 10 hours,1,9
16,other,5 to 10 hours,0,17
16,home,2 to 5 hours,0,8
16,home,2 to 5 hours,0,7
15,course,<2 hours,0,8
15,course,<2 hours,0,16
16,home,<2 hours,0,14
15,other,<2 hours,0,7
18,home,2 to 5 hours,0,9
18,course,5 to 10 hours,0,12
15,course,2 to 5 hours,0,0
17,home,2 to 5 hours,0,8
16,course,<2 hours,2,0
16,course,<2 hours,0,8
16,other,<2 hours,0,8
19,reputation,2 to 5 hours,1,10
15,reputation,<2 hours,0,13
16,home,2 to 5 hours,0,12
17,home,<2 hours,3,8
16,home,<2 hours,0,14
16,reputation,<2 hours,0,9
18,reputation,2 to 5 hours,0,10
16,other,<2 hours,0,15
18,reputation,<2 hours,0,5
19,other,2 to 5 hours,0,12
18,course,5 to 10 hours,0,0
18,reputation,5 to 10 hours,0,13
18,home,2 to 5 hours,0,11
15,home,5 to 10 hours,0,10
17,home,2 to 5 hours,0,10
17,course,5 to 10 hours,0,15
16,home,2 to 5 hours,0,15
18,reputation,5 to 10 hours,0,14
15,course,2 to 5 hours,0,18
15,course,<2 hours,0,0
17,course,2 to 5 hours,0,9
15,course,>10 hours,0,9
17,course,<2 hours,0,13
16,other,<2 hours,0,12
15,home,5 to 10 hours,0,16
16,other,2 to 5 hours,0,9
16,reputation,2 to 5 hours,0,13
18,reputation,2 to 5 hours,1,12
16,course,2 to 5 hours,0,7
18,course,5 to 10 hours,0,12
15,home,2 to 5 hours,0,18
18,course,5 to 10 hours,0,10
16,home,2 to 5 hours,1,13
15,reputation,<2 hours,0,17
18,other,2 to 5 hours,0,12
17,course,2 to 5 hours,0,0
15,home,2 to 5 hours,0,15
17,reputation,>10 hours,0,12
16,course,<2 hours,0,9
15,other,2 to 5 hours,0,13
18,course,<2 hours,1,7
