Designation,Experience,Working_Year,Salary_In_Rupees,Remote_Working_Ratio
Data Scientist,EN,2021,318278,0
Data Engineer,SE,2022,13932619,100
Data Engineer,MI,2022,6248275,0
Research Scientist,MI,2021,4984950,50
Data Engineer,MI,2020,8981169,50
Machine Learning Engineer,SE,2021,6583899,50
Data Engineer,SE,2020,3811299,50
Data Analyst,MI,2020,3720590,50
Principal Data Scientist,SE,2020,11797054,100
Data Scientist,MI,2021,7219659,50
Data Engineer,SE,2022,10528636,100
Data Engineer,EX,2022,15913900,100
Data Engineer,EX,2022,17187012,100
Computer Vision Engineer,EN,2022,795695,100
Data Engineer,SE,2022,10528636,0
Data Analyst,SE,2022,8983397,100
Data Engineer,SE,2021,9150493,100
Data Scientist,MI,2021,11935425,100
Data Science Consultant,EN,2021,6113563,100
Data Scientist,EN,2021,7956950,100
Data Scientist,MI,2020,6352272,0
Data Scientist,SE,2021,13128968,100
Data Scientist,MI,2020,2843416,50
Data Engineer,SE,2022,13924663,100
Data Scientist,SE,2022,11139730,100
Data Engineer,SE,2022,10821452,0
ML Engineer,MI,2021,5069452,50
Analytics Engineer,SE,2022,16335618,0
Data Scientist,SE,2022,11171558,0
ETL Developer,MI,2022,4372901,0
Data Scientist,SE,2022,11139730,100
Data Engineering Manager,SE,2021,12174134,100
Data Scientist,MI,2020,11008440,100
Principal Data Scientist,SE,2022,12943889,100
Data Scientist,SE,2022,17131313,100
Data Engineer,EN,2022,5172018,100
Data Scientist,EN,2020,3920230,0
Data Analyst,MI,2022,8455055,0
Data Science Manager,SE,2021,19096680,0
Head of Data,EX,2021,18300985,50
Machine Learning Engineer,SE,2022,17027873,100
Data Engineer,MI,2021,2229219,100
Data Scientist,MI,2021,3009716,100
Computer Vision Engineer,SE,2021,1504421,0
Data Scientist,SE,2022,8346045,100
Data Scientist,SE,2022,9561071,100
Big Data Architect,SE,2021,7933318,50
Lead Data Scientist,SE,2021,3228135,50
Data Analyst,SE,2022,10741883,100
Data Analyst,MI,2022,2623725,100
Data Scientist,EN,2020,4083586,0
Machine Learning Engineer,MI,2022,7810383,0
Research Scientist,EN,2021,6566712,50
Data Engineer,MI,2021,15913900,100
Data Engineer,EN,2022,4165543,100
Data Analyst,EN,2021,3978475,100
Data Analyst,SE,2022,10503174,0
Data Scientist,SE,2022,16335618,0
Machine Learning Developer,MI,2022,6269360,100
Data Analyst,SE,2022,7956950,100
Data Scientist,SE,2022,9787049,100
Director of Data Science,EX,2021,10346104,50
Data Analytics Engineer,SE,2021,3978475,100
Data Scientist,MI,2022,5517031,100
Data Engineer,MI,2020,8434367,100
Data Scientist,MI,2022,11243170,0
Data Scientist,EN,2022,4169124,100
Machine Learning Engineer,MI,2022,6956364,100
Data Engineer,SE,2022,11159622,100
Data Engineer,MI,2022,7810383,0
Data Engineer,MI,2022,6596312,0
Machine Learning Manager,SE,2020,9317907,50
Data Engineer,SE,2021,7661111,50
Data Engineer,MI,2021,5745873,50
Data Engineer,SE,2022,10344035,100
Data Scientist,MI,2022,15913900,100
Data Engineer,SE,2022,12333273,100
Machine Learning Engineer,SE,2022,15325086,100
Data Analyst,MI,2022,5206869,0
Data Scientist,MI,2021,753205,0
Data Engineer,MI,2021,2265821,100
Director of Data Science,EX,2021,11286615,0
Principal Data Scientist,SE,2021,18698833,100
Data Scientist,EN,2021,4615031,50
Data Engineer,SE,2022,7956950,100
Data Architect,MI,2021,14322510,100
Data Analyst,MI,2021,4933309,0
Data Engineer,SE,2022,17514043,100
Data Scientist,MI,2021,227489,0
Data Analyst,MI,2022,9190277,100
Head of Data,EX,2021,18698833,100
Data Science Consultant,EN,2021,5079001,50
Principal Data Analyst,MI,2022,5967713,100
Data Scientist,SE,2022,14322510,0
Big Data Engineer,EN,2021,1291254,100
Data Engineer,MI,2022,4686166,100
Director of Data Science,EX,2022,15673521,50
Data Analyst,SE,2022,13526815,100
ML Engineer,EN,2022,1749176,100
Data Analyst,MI,2021,10741883,100
Data Analyst,EN,2021,823863,50
Data Scientist,MI,2021,2690086,0
Data Engineer,MI,2022,8331086,100
Head of Data,SE,2021,8182848,100
Data Engineer,SE,2022,1989238,100
Machine Learning Scientist,SE,2021,9548340,50
Data Engineer,MI,2022,9372412,0
Data Analyst,MI,2022,4165543,100
Machine Learning Engineer,MI,2021,1975154,50
Data Analyst,MI,2022,4615031,0
Big Data Engineer,SE,2020,8674985,50
Machine Learning Infrastructure Engineer,SE,2021,15516053,100
Data Scientist,MI,2022,2515590,100
Data Scientist,MI,2021,12731120,100
Data Scientist,MI,2022,5206869,0
Data Scientist,SE,2022,13128968,100
Research Scientist,MI,2020,35806275,0
Data Scientist,EN,2021,2367272,50
Machine Learning Engineer,EN,2022,2967942,100
Data Engineer,SE,2022,15921857,100
Data Scientist,SE,2022,9787049,100
Research Scientist,EN,2020,3341919,50
Data Engineer,SE,2022,16637982,100
Machine Learning Engineer,MI,2022,9548340,100
Data Engineer,MI,2022,5084491,0
Data Engineer,SE,2022,13160795,100
Machine Learning Engineer,SE,2022,9548340,100
Data Engineer,SE,2022,16637982,100
Machine Learning Engineer,SE,2022,9548340,100
Data Analyst,SE,2022,7455662,100
Lead Data Engineer,SE,2020,9946188,50
Data Engineer,SE,2022,12253703,100
Computer Vision Software Engineer,EN,2021,5569865,100
Staff Data Scientist,SE,2021,8354798,100
Data Scientist,SE,2022,16709595,100
Product Data Analyst,MI,2020,1591390,0
Data Science Manager,SE,2021,11458008,100
Data Analyst,SE,2022,7186717,100
Data Scientist,MI,2021,1345043,100
Data Analyst,SE,2022,5490296,100
Principal Data Engineer,SE,2021,14720358,100
Director of Data Science,EX,2021,19892375,0
Data Analyst,SE,2021,6365560,100
ML Engineer,EN,2020,1270407,100
Computer Vision Software Engineer,MI,2021,7618461,100
Data Analyst,EN,2022,4137614,0
Director of Data Science,EX,2021,12227206,100
Data Scientist,EN,2022,1467421,100
Data Science Manager,SE,2022,12134349,100
Data Engineer,MI,2022,7885337,0
Data Analyst,SE,2022,7877381,0
Data Engineer,SE,2022,10741883,100
Applied Data Scientist,SE,2022,14083802,100
Machine Learning Engineer,EN,2020,10980591,100
Data Scientist,MI,2022,3819336,100
Data Scientist,SE,2022,16709595,100
Data Analyst,MI,2021,6365560,100
Business Data Analyst,EN,2020,7956950,100
Data Scientist,MI,2020,6123510,100
Data Analyst,SE,2022,6755451,100
Data Engineer,MI,2021,3611739,100
Data Scientist,SE,2021,6981269,100
Data Scientist,EN,2022,3182780,100
Data Engineer,SE,2022,5206869,0
Data Engineer,MI,2022,6122077,100
Data Analyst,SE,2022,9224810,100
Data Scientist,SE,2022,13146473,100
Data Engineer,SE,2022,16709595,100
Data Science Manager,SE,2020,15134119,100
Data Engineer,MI,2022,4165543,0
Research Scientist,EN,2022,9548340,100
Data Scientist,SE,2022,7602866,0
Data Scientist,MI,2021,8673076,50
Data Engineer,SE,2022,13160795,100
Data Engineer,MI,2022,6248275,100
Machine Learning Engineer,SE,2022,5684763,100
Data Science Consultant,EN,2021,6113563,0
BI Data Analyst,MI,2020,7797811,0
Research Scientist,MI,2021,14914666,100
Machine Learning Engineer,EN,2021,1738116,50
Machine Learning Engineer,MI,2021,3762205,100
Research Scientist,SE,2021,7647663,50
Data Engineer,MI,2021,7411899,0
BI Data Analyst,EN,2021,4376323,50
Machine Learning Engineer,SE,2022,13128649,0
Data Architect,MI,2021,13526815,100
Applied Data Scientist,SE,2022,30236410,100
Lead Machine Learning Engineer,SE,2022,6996705,0
Data Analyst,SE,2022,7956950,100
Data Engineer,MI,2022,13526815,100
Data Analyst,SE,2022,11941393,100
Data Engineer,SE,2020,14959066,100
Data Science Consultant,MI,2020,8195659,100
Data Analyst,MI,2020,636556,50
Data Engineer,SE,2022,10900544,100
Data Analyst,SE,2021,5711976,100
Data Analyst,MI,2020,6763408,100
Data Analyst,SE,2021,5079001,50
Data Engineer,EN,2020,4355794,100
Data Scientist,EN,2021,7161255,100
ML Engineer,MI,2021,6155815,50
Data Scientist,SE,2022,14322510,0
Data Scientist,EN,2020,3176096,0
Data Engineer,MI,2022,7810383,100
Data Science Manager,SE,2021,7532447,50
Machine Learning Engineer,SE,2021,7524410,50
Data Analyst,MI,2022,13288107,100
Data Analyst,SE,2022,9230062,0
Data Engineer,SE,2022,8020606,100
Machine Learning Developer,EN,2021,7956950,50
Data Engineer,EN,2020,3317173,100
Machine Learning Engineer,EN,2021,9946188,100
Machine Learning Engineer,SE,2020,11935425,50
Data Analyst,SE,2022,9596082,100
Data Analyst,SE,2022,6498123,0
Head of Data Science,EX,2022,13357730,100
Data Analytics Manager,SE,2021,9548340,100
Data Engineering Manager,EX,2020,6352272,50
Data Engineer,SE,2022,12731120,100
Data Engineer,SE,2022,8991354,0
Data Scientist,EN,2021,3950307,50
Data Scientist,SE,2022,11935425,100
Data Analyst,SE,2022,6498123,100
Principal Data Scientist,EX,2021,33100912,100
Data Engineer,SE,2022,10025757,100
AI Scientist,MI,2022,9548340,0
Data Analyst,SE,2022,8455055,100
Data Scientist,SE,2022,10870785,100
AI Scientist,EN,2021,954834,100
Data Scientist,SE,2022,9548340,0
Business Data Analyst,MI,2022,1467421,100
Data Analyst,EN,2021,4774170,100
Data Scientist,SE,2020,9548340,50
Data Analyst,SE,2022,10869194,100
Data Scientist,SE,2022,20688070,100
Data Scientist,MI,2022,10344035,0
BI Data Analyst,EN,2021,737768,100
BI Data Analyst,MI,2021,2885111,50
Data Engineer,SE,2022,10254519,100
Big Data Engineer,EN,2021,468028,0
Data Analyst,SE,2022,12333273,100
Data Analyst,SE,2022,13526815,100
Data Engineer,SE,2022,14476875,0
Data Engineer,SE,2022,11537578,100
Data Analyst,SE,2022,4877610,100
Big Data Engineer,SE,2020,9074663,100
Data Science Manager,MI,2022,19176250,100
Data Analyst,SE,2022,8983397,100
Machine Learning Engineer,SE,2022,4985109,100
Data Engineering Manager,SE,2021,11935425,0
Principal Data Engineer,SE,2021,15913900,100
Machine Learning Scientist,EN,2021,17903138,100
Data Architect,SE,2022,16957852,100
Data Engineering Manager,MI,2020,4718710,100
Data Scientist,EN,2020,8354798,100
Data Analytics Manager,SE,2022,11956113,100
Data Engineer,MI,2022,6996705,100
AI Scientist,EN,2020,3651922,50
Data Architect,SE,2022,15322221,100
Data Analytics Engineer,SE,2021,6301666,100
Data Scientist,SE,2022,16828949,100
Data Science Manager,SE,2022,12837902,100
Research Scientist,SE,2022,11458008,50
Business Data Analyst,MI,2020,10741883,100
Data Analyst,MI,2022,2623725,100
Data Engineer,MI,2022,6996705,100
Head of Data Science,MI,2021,8752645,0
Analytics Engineer,EX,2022,10741883,100
Data Analyst,EN,2021,7161255,100
Data Specialist,SE,2021,13128968,100
Lead Data Analyst,SE,2021,13526815,100
Machine Learning Engineer,SE,2022,5172018,100
Machine Learning Infrastructure Engineer,MI,2020,3992798,0
Data Analyst,MI,2021,7161255,100
Data Engineer,EN,2021,5768789,100
Data Analyst,MI,2022,3498353,100
Data Science Consultant,EN,2020,454103,50
Data Engineer,SE,2022,14608960,100
Lead Data Engineer,SE,2021,12731120,50
Machine Learning Scientist,MI,2022,12174134,50
Big Data Engineer,MI,2021,1799146,0
Data Engineer,MI,2021,8911784,100
Machine Learning Engineer,SE,2022,17505290,100
Data Scientist,MI,2021,10344035,50
Principal Data Scientist,MI,2021,12014995,100
Director of Data Science,SE,2021,13367676,0
Computer Vision Engineer,EN,2021,2276404,50
Computer Vision Engineer,SE,2021,1909668,100
Applied Machine Learning Scientist,MI,2021,33657899,50
Data Science Manager,MI,2022,12651551,100
Data Analyst,SE,2022,10254519,100
Data Engineering Manager,SE,2021,13845093,100
Data Scientist,MI,2022,7956950,100
Financial Data Analyst,EN,2022,7956950,50
Machine Learning Engineer,MI,2020,3447826,0
Data Engineer,EN,2021,1721645,50
Data Scientist,MI,2021,2031568,100
Machine Learning Engineer,MI,2021,5888143,50
Data Scientist,MI,2022,9548340,100
Data Engineer,SE,2022,8657162,0
