Marital Status,Tumor Size,Differentiate,Grade,Regional Node Positive
Widowed,11,Moderately differentiated,2,9
Married,80,Poorly differentiated,3,12
Married,24,Moderately differentiated,2,2
Married,11,Moderately differentiated,2,1
Married,22,Moderately differentiated,2,9
Divorced,60,Moderately differentiated,2,12
Divorced,46,Moderately differentiated,2,1
Separated,58,Poorly differentiated,3,2
Married,80,Moderately differentiated,2,11
Married,45,Moderately differentiated,2,11
Married,25,Moderately differentiated,2,3
Married,21,Moderately differentiated,2,1
Married,30,Moderately differentiated,2,2
Married,50,Moderately differentiated,2,1
Married,13,Poorly differentiated,3,14
Single ,35,Poorly differentiated,3,4
Single ,45,Moderately differentiated,2,19
Divorced,25,Poorly differentiated,3,3
Married,26,Moderately differentiated,2,1
Married,23,Poorly differentiated,3,2
Single ,25,Moderately differentiated,2,1
Divorced,23,Moderately differentiated,2,1
Widowed,4,Moderately differentiated,2,4
Married,8,Moderately differentiated,2,1
Married,35,Moderately differentiated,2,6
Married,22,Moderately differentiated,2,3
Married,17,Moderately differentiated,2,3
Married,27,Poorly differentiated,3,2
Married,18,Moderately differentiated,2,1
Married,7,Well differentiated,1,1
Married,11,Moderately differentiated,2,1
Married,20,Moderately differentiated,2,5
Widowed,22,Poorly differentiated,3,1
Married,15,Well differentiated,1,1
Divorced,35,Poorly differentiated,3,1
Married,37,Moderately differentiated,2,6
Married,26,Moderately differentiated,2,2
Divorced,15,Moderately differentiated,2,5
Married,11,Poorly differentiated,3,15
Married,17,Well differentiated,1,15
Single ,21,Moderately differentiated,2,1
Married,35,Well differentiated,1,16
Divorced,12,Moderately differentiated,2,3
Married,15,Moderately differentiated,2,1
Single ,45,Moderately differentiated,2,7
Married,35,Well differentiated,1,15
Married,51,Moderately differentiated,2,1
Married,50,Poorly differentiated,3,23
Married,19,Well differentiated,1,1
Married,40,Moderately differentiated,2,1
Married,11,Poorly differentiated,3,2
Married,35,Moderately differentiated,2,5
Married,22,Moderately differentiated,2,5
Married,21,Moderately differentiated,2,1
Married,16,Poorly differentiated,3,2
Married,70,Moderately differentiated,2,2
Widowed,20,Moderately differentiated,2,2
Married,24,Poorly differentiated,3,1
Married,21,Well differentiated,1,3
Widowed,90,Moderately differentiated,2,1
Married,55,Moderately differentiated,2,11
Single ,15,Poorly differentiated,3,2
Single ,49,Poorly differentiated,3,5
Married,24,Moderately differentiated,2,1
Married,30,Moderately differentiated,2,8
Married,18,Moderately differentiated,2,26
Married,20,Moderately differentiated,2,2
Widowed,50,Poorly differentiated,3,21
Married,9,Moderately differentiated,2,1
Single ,25,Poorly differentiated,3,5
Married,14,Moderately differentiated,2,1
Married,30,Moderately differentiated,2,1
Married,10,Well differentiated,1,1
Married,40,Poorly differentiated,3,17
Married,20,Moderately differentiated,2,2
Married,11,Moderately differentiated,2,7
Divorced,35,Poorly differentiated,3,1
Single ,27,Moderately differentiated,2,2
Single ,15,Poorly differentiated,3,17
Married,100,Moderately differentiated,2,23
Widowed,28,Moderately differentiated,2,9
Single ,31,Moderately differentiated,2,1
Married,30,Well differentiated,1,2
Married,21,Moderately differentiated,2,7
Married,25,Moderately differentiated,2,1
Married,14,Poorly differentiated,3,4
Married,25,Moderately differentiated,2,5
Married,23,Moderately differentiated,2,9
Married,35,Moderately differentiated,2,5
Married,60,Well differentiated,1,3
Single ,50,Moderately differentiated,2,10
Married,30,Moderately differentiated,2,2
Married,30,Moderately differentiated,2,7
Married,15,Moderately differentiated,2,2
Divorced,13,Moderately differentiated,2,4
Married,100,Moderately differentiated,2,10
Widowed,15,Moderately differentiated,2,2
Married,20,Moderately differentiated,2,3
Married,22,Well differentiated,1,1
Married,51,Well differentiated,1,3
Married,21,Moderately differentiated,2,1
Married,14,Moderately differentiated,2,1
Married,41,Poorly differentiated,3,4
Married,100,Poorly differentiated,3,1
Married,12,Moderately differentiated,2,1
Widowed,21,Moderately differentiated,2,4
Married,50,Moderately differentiated,2,1
Single ,50,Moderately differentiated,2,8
Married,24,Moderately differentiated,2,1
Married,50,Well differentiated,1,1
Single ,12,Moderately differentiated,2,1
Married,50,Moderately differentiated,2,1
Married,10,Moderately differentiated,2,2
Married,49,Moderately differentiated,2,4
Married,50,Moderately differentiated,2,10
Widowed,20,Moderately differentiated,2,1
Married,7,Moderately differentiated,2,2
Married,24,Moderately differentiated,2,1
Married,21,Moderately differentiated,2,1
Married,10,Poorly differentiated,3,1
Married,25,Moderately differentiated,2,4
Married,55,Poorly differentiated,3,1
Married,35,Well differentiated,1,2
Married,85,Moderately differentiated,2,1
Married,17,Poorly differentiated,3,1
Married,27,Moderately differentiated,2,3
Married,26,Well differentiated,1,2
Married,50,Poorly differentiated,3,4
Married,38,Moderately differentiated,2,3
Married,9,Moderately differentiated,2,1
Divorced,35,Moderately differentiated,2,1
Married,27,Moderately differentiated,2,3
Married,10,Poorly differentiated,3,1
Divorced,10,Moderately differentiated,2,1
Single ,35,Poorly differentiated,3,18
Single ,18,Moderately differentiated,2,2
Married,97,Poorly differentiated,3,5
Married,17,Moderately differentiated,2,2
Single ,40,Moderately differentiated,2,6
Married,52,Poorly differentiated,3,16
Married,2,Moderately differentiated,2,2
Married,25,Moderately differentiated,2,3
Married,10,Well differentiated,1,1
Widowed,35,Moderately differentiated,2,1
Divorced,30,Moderately differentiated,2,5
Married,20,Poorly differentiated,3,3
Single ,30,Moderately differentiated,2,1
Widowed,14,Moderately differentiated,2,1
Married,8,Well differentiated,1,28
Married,35,Moderately differentiated,2,3
Married,28,Well differentiated,1,2
Single ,9,Moderately differentiated,2,1
Married,10,Well differentiated,1,1
Married,15,Poorly differentiated,3,9
Married,31,Moderately differentiated,2,9
Divorced,25,Well differentiated,1,1
Divorced,55,Moderately differentiated,2,10
Single ,12,Moderately differentiated,2,1
Single ,21,Moderately differentiated,2,2
Single ,30,Poorly differentiated,3,1
Married,22,Poorly differentiated,3,2
Single ,23,Poorly differentiated,3,1
Divorced,20,Moderately differentiated,2,2
Divorced,8,Well differentiated,1,1
Married,11,Well differentiated,1,1
Single ,20,Moderately differentiated,2,2
Single ,55,Poorly differentiated,3,4
Single ,6,Moderately differentiated,2,1
Divorced,120,Moderately differentiated,2,7
Single ,20,Moderately differentiated,2,1
Married,60,Moderately differentiated,2,1
Married,7,Moderately differentiated,2,1
Married,25,Moderately differentiated,2,1
Married,20,Poorly differentiated,3,3
Married,10,Moderately differentiated,2,1
Divorced,13,Moderately differentiated,2,3
Married,22,Moderately differentiated,2,1
Married,40,Poorly differentiated,3,8
Divorced,11,Moderately differentiated,2,1
Married,30,Poorly differentiated,3,5
Married,47,Poorly differentiated,3,1
Married,40,Poorly differentiated,3,2
Married,42,Moderately differentiated,2,2
Married,80,Well differentiated,1,3
Married,15,Moderately differentiated,2,2
Married,20,Moderately differentiated,2,2
Single ,20,Moderately differentiated,2,1
Married,18,Poorly differentiated,3,9
Single ,35,Well differentiated,1,2
Married,25,Poorly differentiated,3,1
Single ,30,Well differentiated,1,1
Married,45,Poorly differentiated,3,8
Married,20,Undifferentiated,4,3
Married,20,Moderately differentiated,2,1
Married,10,Moderately differentiated,2,1
Married,27,Poorly differentiated,3,2
Single ,25,Poorly differentiated,3,3
Married,25,Well differentiated,1,3
Married,40,Moderately differentiated,2,4
Married,15,Moderately differentiated,2,1
Married,15,Moderately differentiated,2,2
Married,60,Moderately differentiated,2,1
Married,25,Moderately differentiated,2,1
Married,80,Moderately differentiated,2,6
Married,35,Moderately differentiated,2,4
Single ,21,Poorly differentiated,3,8
Divorced,30,Moderately differentiated,2,2
Married,5,Poorly differentiated,3,2
Married,15,Well differentiated,1,2
Divorced,21,Poorly differentiated,3,1
Married,20,Moderately differentiated,2,4
Single ,25,Poorly differentiated,3,1
Married,40,Moderately differentiated,2,1
Single ,12,Poorly differentiated,3,1
Divorced,27,Poorly differentiated,3,1
Married,7,Poorly differentiated,3,2
Single ,3,Well differentiated,1,6
Married,40,Moderately differentiated,2,6
Divorced,15,Moderately differentiated,2,1
Separated,17,Moderately differentiated,2,1
Divorced,24,Moderately differentiated,2,2
Married,40,Well differentiated,1,4
Single ,20,Poorly differentiated,3,5
Married,9,Well differentiated,1,1
Separated,9,Well differentiated,1,1
Widowed,24,Moderately differentiated,2,13
Married,15,Moderately differentiated,2,2
Widowed,16,Moderately differentiated,2,5
Married,9,Moderately differentiated,2,2
Widowed,42,Moderately differentiated,2,5
Divorced,13,Moderately differentiated,2,3
Divorced,24,Poorly differentiated,3,3
Married,18,Moderately differentiated,2,1
Single ,75,Moderately differentiated,2,13
Married,15,Moderately differentiated,2,6
Married,15,Poorly differentiated,3,3
Married,34,Moderately differentiated,2,14
Married,5,Moderately differentiated,2,1
Married,50,Moderately differentiated,2,3
Divorced,60,Moderately differentiated,2,4
Married,20,Moderately differentiated,2,2
Married,28,Poorly differentiated,3,3
Married,63,Moderately differentiated,2,1
Married,100,Poorly differentiated,3,1
Divorced,18,Moderately differentiated,2,1
Single ,22,Poorly differentiated,3,1
Single ,46,Moderately differentiated,2,4
Divorced,18,Poorly differentiated,3,1
Married,19,Moderately differentiated,2,2
Married,85,Moderately differentiated,2,2
Divorced,18,Poorly differentiated,3,5
Married,26,Moderately differentiated,2,1
Divorced,13,Moderately differentiated,2,1
Married,33,Poorly differentiated,3,3
Married,20,Moderately differentiated,2,1
Married,35,Poorly differentiated,3,17
Divorced,12,Well differentiated,1,2
Married,60,Poorly differentiated,3,3
Divorced,43,Moderately differentiated,2,10
Single ,70,Moderately differentiated,2,17
Married,12,Moderately differentiated,2,3
Single ,18,Moderately differentiated,2,7
Married,10,Moderately differentiated,2,3
Married,14,Moderately differentiated,2,3
Widowed,25,Moderately differentiated,2,4
Married,20,Well differentiated,1,9
Married,18,Well differentiated,1,1
Single ,30,Moderately differentiated,2,8
Married,18,Moderately differentiated,2,11
Married,13,Moderately differentiated,2,1
Single ,22,Moderately differentiated,2,2
Married,10,Moderately differentiated,2,1
Married,5,Moderately differentiated,2,2
Married,32,Poorly differentiated,3,10
Separated,18,Moderately differentiated,2,3
Married,81,Moderately differentiated,2,6
Divorced,10,Moderately differentiated,2,2
Married,40,Moderately differentiated,2,1
Married,65,Poorly differentiated,3,2
Married,12,Moderately differentiated,2,3
Married,24,Moderately differentiated,2,4
Married,15,Moderately differentiated,2,1
Married,15,Moderately differentiated,2,1
Married,25,Moderately differentiated,2,1
Married,18,Moderately differentiated,2,1
Divorced,17,Moderately differentiated,2,1
Married,25,Moderately differentiated,2,1
Divorced,12,Poorly differentiated,3,24
Married,32,Moderately differentiated,2,2
Married,70,Moderately differentiated,2,8
Married,15,Poorly differentiated,3,3
Married,24,Moderately differentiated,2,1
Single ,48,Poorly differentiated,3,5
Single ,28,Moderately differentiated,2,1
Single ,18,Moderately differentiated,2,1
Married,18,Moderately differentiated,2,1
Married,18,Well differentiated,1,2
Divorced,50,Moderately differentiated,2,2
Married,30,Poorly differentiated,3,1
Married,30,Moderately differentiated,2,2
